-- MySQL dump 10.13  Distrib 8.0.31, for Win64 (x86_64)
--
-- Host: mindder.me    Database: mindder
-- ------------------------------------------------------
-- Server version	8.0.29

/*!40101 SET @OLD_CHARACTER_SET_CLIENT=@@CHARACTER_SET_CLIENT */;
/*!40101 SET @OLD_CHARACTER_SET_RESULTS=@@CHARACTER_SET_RESULTS */;
/*!40101 SET @OLD_COLLATION_CONNECTION=@@COLLATION_CONNECTION */;
/*!50503 SET NAMES utf8 */;
/*!40103 SET @OLD_TIME_ZONE=@@TIME_ZONE */;
/*!40103 SET TIME_ZONE='+00:00' */;
/*!40014 SET @OLD_UNIQUE_CHECKS=@@UNIQUE_CHECKS, UNIQUE_CHECKS=0 */;
/*!40014 SET @OLD_FOREIGN_KEY_CHECKS=@@FOREIGN_KEY_CHECKS, FOREIGN_KEY_CHECKS=0 */;
/*!40101 SET @OLD_SQL_MODE=@@SQL_MODE, SQL_MODE='NO_AUTO_VALUE_ON_ZERO' */;
/*!40111 SET @OLD_SQL_NOTES=@@SQL_NOTES, SQL_NOTES=0 */;

--
-- Table structure for table `feedcalendar`
--

DROP TABLE IF EXISTS `feedcalendar`;
/*!40101 SET @saved_cs_client     = @@character_set_client */;
/*!50503 SET character_set_client = utf8mb4 */;
CREATE TABLE `feedcalendar` (
  `calendar_idx` int NOT NULL AUTO_INCREMENT,
  `calendar_date` date NOT NULL,
  `user_idx` int NOT NULL,
  `file_idx` int NOT NULL,
  PRIMARY KEY (`calendar_idx`),
  KEY `fk_feedCalendar_mainUser1_idx` (`user_idx`),
  CONSTRAINT `fk_feedCalendar_mainUser1` FOREIGN KEY (`user_idx`) REFERENCES `mainuser` (`user_idx`)
) ENGINE=InnoDB AUTO_INCREMENT=219 DEFAULT CHARSET=utf8mb4 COLLATE=utf8mb4_0900_ai_ci;
/*!40101 SET character_set_client = @saved_cs_client */;

--
-- Dumping data for table `feedcalendar`
--

LOCK TABLES `feedcalendar` WRITE;
/*!40000 ALTER TABLE `feedcalendar` DISABLE KEYS */;
INSERT INTO `feedcalendar` VALUES (12,'2023-02-01',11,21),(15,'2023-02-02',18,24),(16,'2023-02-02',18,24),(17,'2023-02-07',12,110),(18,'2023-02-07',12,110),(19,'2023-02-07',12,100),(20,'2023-02-07',12,110),(21,'2023-02-08',20,24),(22,'2023-02-09',14,141),(23,'2023-02-09',14,63),(24,'2023-02-09',14,55),(25,'2023-02-09',20,71),(26,'2023-02-09',12,110),(27,'2023-02-09',12,110),(28,'2023-02-09',20,71),(29,'2023-02-09',12,110),(30,'2023-02-09',14,332),(31,'2023-02-09',12,332),(32,'2023-02-09',12,331),(33,'2023-02-09',12,305),(36,'2023-02-09',14,125),(50,'2023-02-09',8,336),(52,'2023-02-09',18,144),(53,'2023-02-09',27,338),(54,'2023-02-09',17,339),(55,'2023-02-09',27,340),(56,'2023-02-09',18,341),(57,'2023-02-09',18,342),(58,'2023-02-09',18,343),(59,'2023-02-09',29,344),(60,'2023-02-09',29,345),(74,'2023-02-09',27,346),(75,'2023-02-09',18,110),(76,'2023-02-09',18,231),(78,'2023-02-10',27,348),(82,'2023-02-10',27,349),(84,'2023-02-10',17,350),(91,'2023-02-10',27,351),(92,'2023-02-10',18,352),(93,'2023-02-10',18,353),(103,'2023-02-10',14,110),(104,'2023-02-10',17,354),(105,'2023-02-10',20,230),(106,'2023-02-10',27,356),(107,'2023-02-10',32,357),(108,'2023-02-10',27,358),(109,'2023-02-10',31,359),(110,'2023-02-10',27,360),(111,'2023-02-10',27,361),(112,'2023-02-10',8,362),(113,'2023-02-10',17,363),(114,'2023-02-10',17,364),(115,'2023-02-10',33,365),(116,'2023-02-10',18,366),(117,'2023-02-10',18,367),(118,'2023-02-10',18,43),(119,'2023-02-10',34,369),(120,'2023-02-11',20,54),(121,'2023-02-11',27,372),(123,'2023-02-12',12,61),(124,'2023-02-13',14,72),(125,'2023-02-13',20,272),(126,'2023-02-13',41,232),(127,'2023-02-14',14,241),(128,'2023-02-13',27,255),(129,'2023-02-13',27,248),(130,'2023-02-13',18,119),(131,'2023-02-13',20,80),(132,'2023-02-13',20,130),(133,'2023-02-13',18,110),(134,'2023-02-13',18,236),(135,'2023-02-13',27,187),(136,'2023-02-15',14,89),(137,'2023-02-14',17,165),(138,'2023-02-14',18,45),(139,'2023-02-15',12,61),(140,'2023-02-15',20,156),(141,'2023-02-15',31,55),(142,'2023-02-15',40,21),(143,'2023-02-15',40,21),(144,'2023-02-15',40,21),(145,'2023-02-15',40,21),(146,'2023-02-15',40,21),(147,'2023-02-15',40,21),(148,'2023-02-15',40,21),(149,'2023-02-15',40,21),(150,'2023-02-15',40,21),(151,'2023-02-15',40,21),(152,'2023-02-15',40,21),(153,'2023-02-15',40,21),(154,'2023-02-15',40,21),(155,'2023-02-15',40,21),(156,'2023-02-15',40,21),(157,'2023-02-15',40,21),(158,'2023-02-15',40,21),(159,'2023-02-15',40,21),(160,'2023-02-15',40,21),(161,'2023-02-15',40,21),(162,'2023-02-15',40,21),(163,'2023-02-15',40,21),(164,'2023-02-15',40,21),(165,'2023-02-15',40,21),(166,'2023-02-15',40,21),(167,'2023-02-15',40,21),(168,'2023-02-15',40,21),(169,'2023-02-15',40,21),(170,'2023-02-15',40,21),(171,'2023-02-15',33,46),(172,'2023-02-15',61,54),(173,'2023-02-15',8,45),(174,'2023-02-15',27,265),(175,'2023-02-15',8,43),(176,'2023-02-15',64,183),(177,'2023-02-15',20,95),(178,'2023-02-15',59,87),(179,'2023-02-15',59,125),(180,'2023-02-15',66,112),(181,'2023-02-15',59,153),(186,'2023-02-16',27,139),(189,'2023-02-16',40,21),(190,'2023-02-16',40,21),(191,'2023-02-16',33,172),(192,'2023-02-16',61,78),(193,'2023-02-16',61,263),(194,'2023-02-16',67,257),(195,'2023-02-16',18,69),(196,'2023-02-16',59,153),(197,'2023-02-16',8,45),(198,'2023-02-16',29,125),(199,'2023-02-16',18,70),(200,'2023-02-16',27,52),(201,'2023-02-16',20,100),(202,'2023-02-16',27,233),(203,'2023-02-16',27,267),(204,'2023-02-16',8,45),(205,'2023-02-16',27,77),(208,'2023-02-16',8,162),(209,'2023-02-16',65,107),(210,'2023-02-16',8,38),(211,'2023-02-16',14,214),(212,'2023-02-16',12,210),(213,'2023-02-16',76,219),(214,'2023-02-16',28,181),(215,'2023-02-17',18,46),(216,'2023-02-17',18,46),(217,'2023-02-17',27,46),(218,'2023-02-17',18,199);
/*!40000 ALTER TABLE `feedcalendar` ENABLE KEYS */;
UNLOCK TABLES;

--
-- Table structure for table `feedcomment`
--

DROP TABLE IF EXISTS `feedcomment`;
/*!40101 SET @saved_cs_client     = @@character_set_client */;
/*!50503 SET character_set_client = utf8mb4 */;
CREATE TABLE `feedcomment` (
  `comment_idx` int NOT NULL AUTO_INCREMENT,
  `text` text NOT NULL,
  `update_date` date NOT NULL DEFAULT (curdate()),
  `is_deleted` tinyint NOT NULL DEFAULT '0',
  `feed_idx` int NOT NULL,
  `user_idx` int NOT NULL,
  PRIMARY KEY (`comment_idx`),
  KEY `fk_feedComment_mainFeed1_idx` (`feed_idx`),
  KEY `fk_feedComment_mainUser1_idx` (`user_idx`),
  CONSTRAINT `fk_feedComment_mainFeed1` FOREIGN KEY (`feed_idx`) REFERENCES `mainfeed` (`feed_idx`),
  CONSTRAINT `fk_feedComment_mainUser1` FOREIGN KEY (`user_idx`) REFERENCES `mainuser` (`user_idx`)
) ENGINE=InnoDB AUTO_INCREMENT=357 DEFAULT CHARSET=utf8mb4 COLLATE=utf8mb4_0900_ai_ci;
/*!40101 SET character_set_client = @saved_cs_client */;

--
-- Dumping data for table `feedcomment`
--

LOCK TABLES `feedcomment` WRITE;
/*!40000 ALTER TABLE `feedcomment` DISABLE KEYS */;
INSERT INTO `feedcomment` VALUES (1,'김민식,, 너란 여자 잊지 못해','2023-02-01',1,10,11),(2,'돈까스==스윙스','2023-02-02',0,9,12),(3,'스윙스==김민식','2023-02-02',1,11,12),(4,'김민식,, 그거 어떻게 잊는건데..','2023-02-02',1,11,12),(5,'내 이름은 민지. 공주지','2023-02-02',1,7,12),(6,'김민식 그자식에게는 쿨 워터 향기가 가득했다','2023-02-02',1,7,12),(7,'댓글작성','2023-02-03',1,7,14),(10,'string','2023-02-03',1,7,14),(18,'테스트','2023-02-03',1,7,14),(20,'55string','2023-02-03',1,7,14),(21,'이유경이유경경경','2023-02-03',1,7,14),(23,'민지님께,,','2023-02-03',1,7,14),(24,'인기 스타 이유경의 피드','2023-02-03',1,7,14),(25,'왜 하필 못생긴 노란 곰돌이 인가요?\n','2023-02-07',0,9,14),(26,'ㅇㅋ','2023-02-08',1,10,14),(27,'댓글도','2023-02-08',1,15,8),(28,'하하하','2023-02-08',1,13,14),(29,'댓글 왜 안돼','2023-02-08',1,13,14),(30,'그림이 기똥차네요.','2023-02-09',1,24,12),(31,'감자킹킹킹 고구마킹킹','2023-02-09',1,19,18),(32,'야! 이유경 김유경 최유경','2023-02-09',1,22,18),(33,'이유경님 이경규님과 친척이에요?','2023-02-09',1,21,18),(34,'으악!!','2023-02-09',1,12,18),(35,'우우!!! ????','2023-02-09',1,48,18),(36,'우와!','2023-02-09',0,30,29),(37,'안녕하세요 ㅎㅎㅎ 한이예요','2023-02-09',0,30,29),(38,'상처를 치료해줄사람 어디 없나','2023-02-09',0,53,29),(39,'저두요 앗따가','2023-02-09',1,20,29),(40,'그림 좀 성의있게 그려주셨으면~','2023-02-09',0,53,30),(41,'배신자...','2023-02-09',1,23,29),(42,'악플 신고 기능도 넣어주세요','2023-02-09',0,53,29),(43,'사무국에 신고하겠습니다','2023-02-09',1,20,30),(44,'싸내괴롭힘으로 신고합니다..','2023-02-09',0,53,29),(45,'영구밴.','2023-02-10',0,54,27),(46,'풀어주고 싶다','2023-02-10',1,78,27),(47,'내 가슴도 북북 찢어진다','2023-02-10',0,76,8),(48,'댓글 많이 부탁드려요~','2023-02-10',0,44,8),(49,'ㅋㅋㅋㅋㅋㅋㅋㅋㅋㅋㅋㅋㅋㅋㅋㅋㅋㅋㅋ 찔려본사람 ㅜㅠㅠ\n','2023-02-10',0,54,8),(50,'이사람은 그냥 그림을 잘그림','2023-02-10',0,99,27),(51,'큿소','2023-02-10',1,7,32),(52,'이유경 짱 !','2023-02-11',1,8,31),(53,'김민식 짱 !','2023-02-11',1,87,31),(54,'무서웡','2023-02-10',0,101,27),(55,'정신이 불안정하네요. ','2023-02-11',1,101,31),(56,'댓많부~ 좋만부~','2023-02-10',0,44,27),(57,'너, 그림이 마음에 든다','2023-02-10',1,86,27),(58,'음~ 밤냄새,,,','2023-02-10',1,87,27),(59,'무서워요','2023-02-10',0,101,8),(60,'그림은 본인인가요?? ','2023-02-10',0,103,8),(61,'카카오 회원가입 만들어주세요','2023-02-10',0,105,8),(62,'이걸 마우스로?','2023-02-10',0,99,33),(63,'나 잘그렸지?','2023-02-10',0,110,18),(64,'엥?','2023-02-10',1,20,18),(65,'이게 마우스로 가능한가요 ㄷㄷㄷㄷ 천재 ㄷㄷ','2023-02-10',0,112,27),(66,'누가 제 세컨 아이디 도용한거같은데','2023-02-10',0,109,14),(67,'가면을 벗어주세요','2023-02-10',0,109,14),(68,'울반 사람인가..','2023-02-10',0,54,14),(69,'양말님 팔로할게여~','2023-02-10',0,99,14),(70,'못생겼어요','2023-02-10',0,111,14),(71,'비밀로 해주세요 ','2023-02-10',0,110,14),(72,'음','2023-02-11',0,115,27),(73,'깔깔','2023-02-12',0,115,20),(74,'떳나요','2023-02-12',0,114,27),(75,'이 휼륭한 글이 좋아요가 없다니','2023-02-12',0,114,8),(76,'이걸로 인감 써야겠다~','2023-02-12',0,115,8),(77,'이걸로 인감 써야겠다~','2023-02-12',1,115,8),(78,'나촴~ 이게 뭐야~~','2023-02-12',0,30,18),(79,'오해;;','2023-02-13',0,25,27),(80,'으악','2023-02-13',1,30,18),(81,'으아아아악','2023-02-13',1,24,18),(82,'재계약 완료.','2023-02-13',1,23,27),(83,'버그 그만찾아 박민식','2023-02-13',0,111,27),(84,'좋아요부탁','2023-02-13',0,118,14),(85,'댓글도 부탁','2023-02-13',0,118,14),(86,'좋아요 구걸 안받습니다','2023-02-13',0,118,20),(87,'망한 반죽아니었음?','2023-02-13',0,118,27),(88,'먹태!!!! 엊그제 먹었는데','2023-02-13',0,113,18),(89,'후달달 무서워용','2023-02-13',1,26,14),(90,'제가 DB로 이 게시글 지워버릴겁니다.','2023-02-13',0,85,18),(91,'동찬님 미래인가요???','2023-02-13',0,104,18),(92,'다음생에','2023-02-13',0,100,18),(93,'프론트 버그나 수정해주세요.','2023-02-13',0,102,18),(94,'ㅋㅋㅋㅋㅋㅋㅋㅋㅋㅋ짜증나','2023-02-13',0,72,18),(95,'글이 너무 좋아요. 스크랩합니다.','2023-02-13',0,72,14),(96,'이게 그나마 봐줄만한 그림이네요','2023-02-13',0,105,18),(97,'똑같은 그림이 몇개이신지 아십니꽈?','2023-02-13',1,117,18),(98,'양희진 그(녀)는 신인가?','2023-02-13',1,119,27),(99,'신고합니다','2023-02-13',0,104,27),(100,'어서오세요 마인더 정상영업중입니다^^','2023-02-13',0,120,27),(101,'집나간 희X님 찾습니다','2023-02-13',1,125,27),(102,'저건 병아리인가요 감자인가요?','2023-02-13',0,118,12),(103,'예술작품이네요.','2023-02-13',1,128,12),(104,'제법 발랄하시네요?','2023-02-13',1,127,12),(105,'이러면 나가린데...','2023-02-13',0,129,27),(106,'멘트가 이상해요','2023-02-13',0,112,14),(107,'양말은 신이다','2023-02-13',1,114,14),(108,'발랄 그잡체','2023-02-14',1,127,17),(109,'여백의 미라고 생각하시는건가요? 나가립니다.','2023-02-14',0,129,18),(110,'그게.. 바로 나..?','2023-02-14',0,130,20),(111,'퉤는 좀;;','2023-02-14',0,131,27),(112,'슉 슈슈슉 슛슉슉','2023-02-14',1,130,27),(113,'슉 슈슈슉 슛슉슉','2023-02-14',1,130,27),(114,'슉 슈슈슉 슛슉슉','2023-02-14',1,130,27),(115,'슉 슈슈슉 슛슉슉','2023-02-14',1,130,27),(116,'슉 슈슈슉 슛슉슉','2023-02-14',1,130,27),(117,'슉 슈슈슉 슛슉슉','2023-02-14',1,130,27),(118,'슉 슈슈슉 슛슉슉','2023-02-14',1,130,27),(119,'슉 슈슈슉 슛슉슉','2023-02-14',0,130,27),(120,'양말님 신작이 이럴리 없어','2023-02-14',1,125,14),(121,'슉 슈슈슉 슈슉\n','2023-02-14',0,130,17),(122,'슉 슈슈슉 슈슉\n','2023-02-14',0,130,17),(123,'슉 슈슈슉 슈슉\n','2023-02-14',0,130,17),(124,'슉 슈슈슉 슈슉\n','2023-02-14',0,130,17),(125,'슉 슈슈슉 슈슉\n','2023-02-14',0,130,17),(126,'슉 슈슈슉 슈슉\n','2023-02-14',0,130,17),(127,'슉 슈슈슉 슈슉\n','2023-02-14',0,130,17),(128,'슉 슈슈슉 슈슉\n','2023-02-14',0,130,17),(129,'여러분 무서워요','2023-02-14',0,130,14),(130,'프사만큼만 그리면 좋을텐데,,','2023-02-14',0,131,14),(131,'당신 데이트 갈거죠!!','2023-02-14',0,132,14),(132,'그림에 사랑이 가득~','2023-02-14',0,132,14),(133,'자네 프론트를 해볼생각 없는가','2023-02-14',0,132,27),(134,'아프지마세요....\n그림은 똑바로 그려주세요...','2023-02-14',0,131,18),(135,'슉 슈슈슉 슈슈슉 슈슈슉','2023-02-14',0,132,17),(136,'검은 토끼의 해. 99년생의 해.','2023-02-14',0,134,14),(137,'ㅋㅋㅋㅋㅋㅋㅋㅋㅋㅋㅋㅋㅋㅋㅋㅋㅋㅋㅋㅋㅋㅋㅋㅋㅋㅋㅋㅋㅋㅋㅋㅋㅋㅋㅋㅋㅋㅋㅋㅋㅋㅋㅋㅋㅋㅋㅋㅋㅋㅋㅋㅋㅋㅋㅋㅋㅋㅋㅋㅋㅋㅋㅋㅋㅋㅋㅋㅋㅋㅋ','2023-02-14',0,130,18),(138,'ㅋㅋㅋㅋㅋㅋㅋㅋㅋㅋㅋㅋㅋㅋㅋㅋㅋㅋㅋㅋㅋㅋㅋㅋㅋㅋㅋㅋㅋㅋㅋㅋㅋㅋㅋㅋㅋㅋㅋㅋㅋㅋㅋㅋㅋㅋㅋㅋㅋㅋㅋㅋㅋㅋㅋㅋㅋㅋㅋㅋㅋㅋㅋㅋㅋㅋㅋㅋㅋㅋ','2023-02-14',1,130,18),(139,'ㅋㅋㅋㅋㅋㅋㅋㅋㅋㅋㅋㅋㅋㅋㅋㅋㅋㅋㅋㅋㅋㅋㅋㅋㅋㅋㅋㅋㅋㅋㅋㅋㅋㅋㅋㅋㅋㅋㅋㅋㅋㅋㅋㅋㅋㅋㅋㅋㅋㅋㅋㅋㅋㅋㅋㅋㅋㅋㅋㅋㅋㅋㅋㅋㅋㅋㅋㅋㅋㅋ','2023-02-14',1,130,18),(140,'ㅋㅋㅋㅋㅋㅋㅋㅋㅋㅋㅋㅋㅋㅋㅋㅋㅋㅋㅋㅋㅋㅋㅋㅋㅋㅋㅋㅋㅋㅋㅋㅋㅋㅋㅋㅋㅋㅋㅋㅋㅋㅋㅋㅋㅋㅋㅋㅋㅋㅋㅋㅋㅋㅋㅋㅋㅋㅋㅋㅋㅋㅋㅋㅋㅋㅋㅋㅋㅋㅋ','2023-02-14',1,130,18),(141,'ㅋㅋㅋㅋㅋㅋㅋㅋㅋㅋㅋㅋㅋㅋㅋㅋㅋㅋㅋㅋㅋㅋㅋㅋㅋㅋㅋㅋㅋㅋㅋㅋㅋㅋㅋㅋㅋㅋㅋㅋㅋㅋㅋㅋㅋㅋㅋㅋㅋㅋㅋㅋㅋㅋㅋㅋㅋㅋㅋㅋㅋㅋㅋㅋㅋㅋㅋㅋㅋㅋ','2023-02-14',1,130,18),(142,'댓글','2023-02-14',0,134,8),(143,'어딜봐서 똑같은건지 두 눈 크게 뜨시고 다시 봐보시죠?','2023-02-14',0,133,18),(144,'저게 뭐죠? 흰곰팡이인가요?','2023-02-14',1,121,18),(145,'댓글 ','2023-02-14',0,130,18),(146,'내 댓글 어디갔쥐','2023-02-14',0,134,18),(147,'곰도리탕','2023-02-14',0,134,27),(148,'제 5살 시절 그렸던 그림 같군요','2023-02-14',0,118,18),(149,'누구야 당신\n','2023-02-14',0,138,12),(150,'호곡! ㄱ,,귀,,,귀여,,ㅇ,,워!!!!','2023-02-14',1,126,18),(151,'im song','2023-02-14',0,114,8),(156,'무서우엉','2023-02-14',0,101,17),(159,'시간은 안나와요?','2023-02-14',1,119,54),(160,'자추가 되는구만!','2023-02-14',1,142,54),(161,'ㅁㄹㄴㅁㅇㄻㄴㅇ','2023-02-14',1,141,54),(162,'ㅁㄴㅇㄻㄴㅇㄻ','2023-02-14',0,141,54),(163,'ㄻㄴㅇㄻㄴㄹㅇㅁㄴㅇ','2023-02-14',0,141,54),(164,'달리 반 피카소.','2023-02-15',0,144,27),(165,'저라면 조퇴합니다.','2023-02-15',0,146,12),(166,'루삥뽕','2023-02-15',0,146,17),(167,'마인더 문 닫았습니다','2023-02-15',1,145,20),(168,'나 이거 어디서 봤어!','2023-02-15',0,147,27),(169,'양말님 신작도 멋지네여','2023-02-15',0,148,14),(170,'그림실력만큼 안타까운 상황이네요','2023-02-15',0,146,14),(171,'꺅 귀여워요~','2023-02-15',1,143,14),(172,'마인더','2023-02-15',1,148,20),(173,'정상','2023-02-15',1,148,20),(174,'영업중','2023-02-15',1,148,20),(175,'영업중','2023-02-15',1,148,20),(176,'안돼','2023-02-15',1,148,20),(177,'댓글삭제','2023-02-15',1,148,20),(178,'좀 배우신 분인가 ㅋ','2023-02-15',0,148,27),(179,'커피는','2023-02-15',1,148,20),(180,'역시','2023-02-15',1,148,20),(181,'텐퍼센트','2023-02-15',1,148,20),(182,'역시','2023-02-15',1,148,20),(183,'테에엔퍼센트','2023-02-15',1,148,20),(184,'커피는','2023-02-15',1,148,20),(185,'역시','2023-02-15',1,148,20),(186,'텐퍼센트','2023-02-15',1,148,20),(187,'꺄아아악','2023-02-15',1,148,20),(188,'댓글이 바로 삭제가 안돼요','2023-02-15',1,148,20),(189,'꺄아아악','2023-02-15',1,148,20),(190,'말도안돼','2023-02-15',1,148,20),(191,'댓글이~~~','2023-02-15',1,148,20),(192,'귀엽네요.\n','2023-02-15',0,150,12),(193,'귀엽네요.\n','2023-02-15',0,150,12),(194,'귀엽네요.','2023-02-15',0,150,20),(195,'귀엽네요.','2023-02-15',0,150,20),(196,'나는 존 윅이오','2023-02-15',0,138,32),(197,'오와우\n','2023-02-15',0,153,32),(198,'저희 프로그램이 마음에 드시는군요? ㅋㅎ','2023-02-15',0,154,18),(199,'오잉?','2023-02-15',1,146,12),(200,'ㅋㅋ','2023-02-15',1,154,59),(201,'오오','2023-02-15',1,153,59),(202,'오오','2023-02-15',1,153,59),(203,'고래','2023-02-15',1,99,59),(204,'댓글 조회 실패 두둥','2023-02-15',1,153,20),(205,'왼쪽 위 \n머리카락 2개는 뭐죠?','2023-02-15',0,154,8),(206,'ㅋㅋㅋㅋ','2023-02-15',1,153,59),(208,'아니 왜이렇게 잘그려요','2023-02-15',0,132,33),(209,'영차영차 이영차!','2023-02-15',0,184,31),(210,'여길 파괴하겠다','2023-02-15',0,150,59),(211,'영차영차앵차!!!','2023-02-15',0,184,20),(212,'영\n차\n영\n차','2023-02-15',0,184,27),(213,'어둠','2023-02-15',0,153,59),(214,'잘 그린다','2023-02-15',0,184,59),(215,'그림이 귀엽네요.','2023-02-15',0,184,14),(216,'당신은 탈퇴','2023-02-15',1,187,8),(217,'test','2023-02-15',0,25,20),(218,'test','2023-02-15',0,25,20),(219,'test','2023-02-15',0,25,20),(220,'뭡니까','2023-02-15',0,145,8),(221,'?','2023-02-15',0,76,12),(222,'애는 언제 낳으셨대요','2023-02-15',0,191,12),(223,'어디서 보셨죠?','2023-02-15',0,147,12),(224,'test 멈춰','2023-02-15',0,25,12),(225,'애가 몇인가요?','2023-02-15',0,191,66),(226,'뭐죠 이 먼지떨이는','2023-02-16',0,194,20),(227,'더듬이요','2023-02-16',0,154,31),(228,'두두두두두','2023-02-16',1,150,61),(229,'두두두두두','2023-02-16',1,150,61),(230,'두두두두','2023-02-16',1,101,61),(231,'두두두두','2023-02-16',0,101,61),(232,'test','2023-02-16',0,130,12),(233,'나는 오늘도 눙무를 흘린다 유유','2023-02-16',0,196,20),(234,'(┬┬﹏┬┬)','2023-02-16',0,76,33),(235,'ㅋㅋ','2023-02-16',1,76,33),(236,'이것이 현대 미술입니까???','2023-02-16',0,194,33),(237,'ذ\nد\nخ\nح\nج\nث\nت\nب\nا\nف\nغ\nع\nظ\nط\nض\nص\nش\nس\nز\nء\nي\nو\nه\nن\nم\nل\nك\n','2023-02-16',0,194,33),(238,'Name: a<script>alert(45)</script>bcd','2023-02-16',1,9,61),(239,'<!@#$%^&*()_+~','2023-02-16',1,9,61),(240,'~!@#$%^&*()_+_','2023-02-16',1,9,61),(241,'GET /profile\n\nHTTP/1.1 200\n...\n\nName: a<script>alert(45)</script>bcd','2023-02-16',1,9,61),(242,'<br/>','2023-02-16',1,9,61),(243,'QA가 할 정도의 기능이 아는디?','2023-02-16',1,9,61),(244,'왜 footer는 안 줄어드냐 - ㅃㅃ -','2023-02-16',1,9,61),(245,'알림 어케 해야됨?','2023-02-16',1,53,61),(246,'<script> aaaaaaaa </script>','2023-02-16',1,53,61),(247,'<math><mtext><table><mglyph><style></style><img title=\"--&gt;&lt;img src=1 onerror=alert(1)&gt;\">','2023-02-16',1,9,61),(248,'<iframe src=https://internal.service/getSystem></iframe>','2023-02-16',1,9,61),(249,' <ScripT>alert(\"1\")</ScRipT>','2023-02-16',1,9,61),(250,'기업비밀입니다?','2023-02-16',0,204,20),(251,'바다가고싶어요','2023-02-16',0,204,20),(252,'글씨를 상당히 잘 쓰시는군요??????????????','2023-02-16',0,206,20),(253,'이 글을 보고 화가난 1인','2023-02-16',0,205,18),(254,'어멈머 미대 졸업하셨나봐요.','2023-02-16',0,204,18),(255,'상추를 치료해줄 사람 으디없나','2023-02-16',1,195,18),(256,'눙물이 많이 무거워 보이는군요','2023-02-16',0,196,18),(257,'눙물이 많이 무거워 보이는군요','2023-02-16',1,196,18),(258,'ξ(✿ ❛‿❛)ξ','2023-02-16',0,194,18),(259,'애기가 혹시 27살 김민식?','2023-02-16',0,191,18),(260,'글이 참 좋네요','2023-02-16',0,112,8),(261,'머요','2023-02-16',1,210,59),(262,'질겅질겅','2023-02-16',0,208,27),(263,'정답 사과','2023-02-16',1,210,12),(264,'@이유경','2023-02-16',0,208,18),(265,'자화상?','2023-02-16',1,210,18),(266,'자화상?','2023-02-16',1,210,18),(267,'웃기시네','2023-02-16',0,192,18),(268,'똥물 아님?','2023-02-16',0,209,18),(269,'뭐야 저게 !','2023-02-16',0,206,18),(270,'인자하게 생기셨군요','2023-02-16',0,101,18),(271,'꺄르','2023-02-16',0,148,72),(272,'꺄륽륵륵륵','2023-02-16',0,148,72),(273,'깔깔깔깔','2023-02-16',0,148,72),(274,'조라니는 고라니 친구인가요','2023-02-16',0,211,18),(275,'꺄꺄꺄꺆','2023-02-16',0,99,72),(276,'킥킥킥킥','2023-02-16',1,99,14),(277,'킥ㅋ기킥키깈깈기','2023-02-16',1,99,14),(278,'꺄꺄꺄꺄','2023-02-16',1,99,14),(279,'꺄꺄꺄꺄꺄','2023-02-16',1,99,14),(280,'글이 좋아요','2023-02-16',1,112,27),(281,'손재주가 영;','2023-02-16',0,211,59),(282,'글이 멋져요!!','2023-02-16',0,211,14),(283,'test','2023-02-16',0,130,12),(284,'흐으음','2023-02-16',1,99,14),(285,'열심히 댓글 남겨야지~','2023-02-16',1,99,14),(286,'나는 아무것도 몰라~','2023-02-16',1,99,14),(287,'알 림 주 세 요','2023-02-16',0,215,27),(288,'명탐정님 그림실력이 많이 늘었네요!','2023-02-16',0,215,8),(289,'글 완전 공감!!','2023-02-16',0,211,8),(290,'당장 삭제 ㄱ','2023-02-16',1,213,8),(291,'하핫','2023-02-16',1,99,27),(292,'나는야','2023-02-16',1,99,27),(293,'명탐정','2023-02-16',1,99,27),(294,'이유경','2023-02-16',1,99,27),(295,'a문제','2023-02-16',1,99,27),(296,'의 답은','2023-02-16',1,99,27),(297,'의 답은','2023-02-16',1,99,27),(298,'나는야','2023-02-16',1,99,27),(299,'ㅁ','2023-02-16',1,99,27),(300,'ㅌ','2023-02-16',1,99,27),(301,'나는야','2023-02-16',1,99,27),(302,'나는야','2023-02-16',1,99,27),(303,'명탐정 이융경','2023-02-16',1,99,27),(304,'나는야','2023-02-16',1,99,27),(305,'명탐정 이유경','2023-02-16',1,99,27),(306,'하이루','2023-02-16',1,112,8),(307,'안녕요','2023-02-16',0,217,53),(308,'하이용','2023-02-16',1,217,20),(309,'안녕','2023-02-16',1,217,20),(310,'잘가요','2023-02-16',1,217,20),(311,'잘래','2023-02-16',1,217,20),(312,'이유경','2023-02-16',1,217,20),(313,'명탐정','2023-02-16',1,217,20),(314,'이유경','2023-02-16',1,217,20),(315,'명탐정 이유경','2023-02-16',0,217,20),(316,'명탐정 이유경','2023-02-16',0,217,20),(317,'dd','2023-02-16',0,114,14),(318,'허접쓰!!','2023-02-16',0,215,8),(320,'돌돌','2023-02-16',0,217,27),(321,'돌돌돌','2023-02-16',0,217,27),(322,'돌','2023-02-16',1,217,27),(324,'풉킥','2023-02-16',0,215,20),(325,'몇살입니까?','2023-02-16',0,215,8),(326,'제 신작나왔엉ㅅ','2023-02-16',0,145,8),(327,'제 신작나왔엉ㅅ','2023-02-16',1,145,8),(328,'내려.','2023-02-16',1,221,27),(329,'뮤..뮤서유ㅓ','2023-02-16',1,221,8),(330,'조만간 머리카락으로 사람 찌르실듯ㅠ','2023-02-16',1,221,20),(331,'그림이 예뻐요^^','2023-02-16',0,215,14),(332,'구석에는 장미꽃인가요? 센스가 남다르네요','2023-02-16',0,204,14),(333,'무서운데 머리 잘라주세요','2023-02-16',1,221,14),(334,'무서운데 머리 잘라주세요','2023-02-16',1,221,14),(335,'알수완(알람수신완료)','2023-02-16',1,221,59),(336,'쉿!','2023-02-16',0,147,20),(337,'그림 너무 이뻐요..태그 기능도 사용해 주세요 #그림 #고수 ','2023-02-16',0,222,14),(338,'아이폰 안타까워요','2023-02-16',0,225,14),(339,'못생겼어요','2023-02-16',0,208,14),(340,'나는야 악플러 우우우','2023-02-16',0,225,76),(341,'저희 큰오빠입니다 하하 장난도 짓궂지~','2023-02-16',0,227,18),(342,'양말님 그림을 보면 마음이 ... 마음이!!!!','2023-02-16',0,151,18),(343,'세상에 그림 실력이 좋아졌네요.','2023-02-16',0,215,18),(344,'민지, 더 옐로우','2023-02-16',0,227,59),(345,'나는 무너~ 꾸믈 꾸는 무너~','2023-02-16',0,208,20),(346,'민식님\n','2023-02-17',0,228,8),(347,'가짜 민식','2023-02-17',0,228,8),(348,'응애','2023-02-17',0,228,18),(349,'퉤퉤','2023-02-17',1,131,17),(350,'녕하세요\n','2023-02-17',0,223,61),(351,'정말 잘 그리셨군요','2023-02-17',0,229,18),(352,'허걱! 병아리 삐약','2023-02-17',0,118,18),(353,'눈사람 잘그리셨다','2023-02-17',0,229,31),(354,'와 대박;;','2023-02-17',0,222,31),(355,'오린데여;;;','2023-02-17',0,229,18),(356,'j','2023-02-17',1,228,14);
/*!40000 ALTER TABLE `feedcomment` ENABLE KEYS */;
UNLOCK TABLES;

--
-- Table structure for table `feedemote`
--

DROP TABLE IF EXISTS `feedemote`;
/*!40101 SET @saved_cs_client     = @@character_set_client */;
/*!50503 SET character_set_client = utf8mb4 */;
CREATE TABLE `feedemote` (
  `emote_idx` int NOT NULL AUTO_INCREMENT,
  `emote_tag` varchar(16) NOT NULL,
  `emote_tag_kr` varchar(16) NOT NULL,
  `file_idx` int DEFAULT NULL,
  PRIMARY KEY (`emote_idx`)
) ENGINE=InnoDB AUTO_INCREMENT=17 DEFAULT CHARSET=utf8mb4 COLLATE=utf8mb4_0900_ai_ci;
/*!40101 SET character_set_client = @saved_cs_client */;

--
-- Dumping data for table `feedemote`
--

LOCK TABLES `feedemote` WRITE;
/*!40000 ALTER TABLE `feedemote` DISABLE KEYS */;
INSERT INTO `feedemote` VALUES (1,'aggro','분노',5),(2,'joy','기쁨',6),(3,'loneliness','외로움',7),(4,'depressed','우울',8),(5,'fatigue','피로',9),(6,'satisfied','만족',10),(7,'happiness','행복',11),(8,'sadness','슬픔',12),(9,'unrest','불안',13),(10,'pain','아픔',14),(11,'discomfort','상처',15),(12,'disappointment','실망',16),(13,'nervous','긴장',17),(14,'excited','사랑',18),(15,'boredom','지루',19),(16,'etc','감성',20);
/*!40000 ALTER TABLE `feedemote` ENABLE KEYS */;
UNLOCK TABLES;

--
-- Table structure for table `feedemotecolor`
--

DROP TABLE IF EXISTS `feedemotecolor`;
/*!40101 SET @saved_cs_client     = @@character_set_client */;
/*!50503 SET character_set_client = utf8mb4 */;
CREATE TABLE `feedemotecolor` (
  `emote_color_idx` int NOT NULL AUTO_INCREMENT,
  `emote_color_tag` varchar(20) NOT NULL,
  `emote_color_name` varchar(20) DEFAULT NULL,
  PRIMARY KEY (`emote_color_idx`)
) ENGINE=InnoDB AUTO_INCREMENT=17 DEFAULT CHARSET=utf8mb4 COLLATE=utf8mb4_0900_ai_ci;
/*!40101 SET character_set_client = @saved_cs_client */;

--
-- Dumping data for table `feedemotecolor`
--

LOCK TABLES `feedemotecolor` WRITE;
/*!40000 ALTER TABLE `feedemotecolor` DISABLE KEYS */;
INSERT INTO `feedemotecolor` VALUES (1,'#F56161','Red'),(2,'#82AAE3','Blue'),(3,'#B6E2A1','Green'),(4,'#F8EDE3','Beige'),(5,'#AD8270','Brown'),(6,'#B2B2B2','Gray'),(7,'#FC9CBB','Pink'),(8,'#3A4F7A','Navy'),(9,'#FFC7C7','Peach'),(10,'#F8F388','Yellow'),(11,'#FFCC80','Orange'),(12,'#BA94D1','Purple'),(13,'#FFFFFF','White'),(14,'#7FE9DE','Mint'),(15,'#863A6F','Mauve'),(16,'#000000','Black');
/*!40000 ALTER TABLE `feedemotecolor` ENABLE KEYS */;
UNLOCK TABLES;

--
-- Table structure for table `feedemotecomplete`
--

DROP TABLE IF EXISTS `feedemotecomplete`;
/*!40101 SET @saved_cs_client     = @@character_set_client */;
/*!50503 SET character_set_client = utf8mb4 */;
CREATE TABLE `feedemotecomplete` (
  `emote_complete_idx` int NOT NULL AUTO_INCREMENT,
  `emote_idx` int NOT NULL,
  `emote_color_idx` int NOT NULL,
  `file_idx` int NOT NULL,
  PRIMARY KEY (`emote_complete_idx`)
) ENGINE=InnoDB AUTO_INCREMENT=257 DEFAULT CHARSET=utf8mb4 COLLATE=utf8mb4_0900_ai_ci;
/*!40101 SET character_set_client = @saved_cs_client */;

--
-- Dumping data for table `feedemotecomplete`
--

LOCK TABLES `feedemotecomplete` WRITE;
/*!40000 ALTER TABLE `feedemotecomplete` DISABLE KEYS */;
INSERT INTO `feedemotecomplete` VALUES (1,1,1,21),(2,1,2,22),(3,1,3,23),(4,1,4,24),(5,1,5,25),(6,1,6,26),(7,1,7,27),(8,1,8,28),(9,1,9,29),(10,1,10,30),(11,1,11,31),(12,1,12,32),(13,1,13,33),(14,1,14,34),(15,1,15,35),(16,1,16,36),(17,2,1,37),(18,2,2,38),(19,2,3,39),(20,2,4,40),(21,2,5,41),(22,2,6,42),(23,2,7,43),(24,2,8,44),(25,2,9,45),(26,2,10,46),(27,2,11,47),(28,2,12,48),(29,2,13,49),(30,2,14,50),(31,2,15,51),(32,2,16,52),(33,3,1,53),(34,3,2,54),(35,3,3,55),(36,3,4,56),(37,3,5,57),(38,3,6,58),(39,3,7,59),(40,3,8,60),(41,3,9,61),(42,3,10,62),(43,3,11,63),(44,3,12,64),(45,3,13,65),(46,3,14,66),(47,3,15,67),(48,3,16,68),(49,4,1,69),(50,4,2,70),(51,4,3,71),(52,4,4,72),(53,4,5,73),(54,4,6,74),(55,4,7,75),(56,4,8,76),(57,4,9,77),(58,4,10,78),(59,4,11,79),(60,4,12,80),(61,4,13,81),(62,4,14,82),(63,4,15,83),(64,4,16,84),(65,5,1,85),(66,5,2,86),(67,5,3,87),(68,5,4,88),(69,5,5,89),(70,5,6,90),(71,5,7,91),(72,5,8,92),(73,5,9,93),(74,5,10,94),(75,5,11,95),(76,5,12,96),(77,5,13,97),(78,5,14,98),(79,5,15,99),(80,5,16,100),(81,6,1,101),(82,6,2,102),(83,6,3,103),(84,6,4,104),(85,6,5,105),(86,6,6,106),(87,6,7,107),(88,6,8,108),(89,6,9,109),(90,6,10,110),(91,6,11,111),(92,6,12,112),(93,6,13,113),(94,6,14,114),(95,6,15,115),(96,6,16,116),(97,7,1,117),(98,7,2,118),(99,7,3,119),(100,7,4,120),(101,7,5,121),(102,7,6,122),(103,7,7,123),(104,7,8,124),(105,7,9,125),(106,7,10,126),(107,7,11,127),(108,7,12,128),(109,7,13,129),(110,7,14,130),(111,7,15,131),(112,7,16,132),(113,8,1,133),(114,8,2,134),(115,8,3,135),(116,8,4,136),(117,8,5,137),(118,8,6,138),(119,8,7,139),(120,8,8,140),(121,8,9,141),(122,8,10,142),(123,8,11,143),(124,8,12,144),(125,8,13,145),(126,8,14,146),(127,8,15,147),(128,8,16,148),(129,9,1,149),(130,9,2,150),(131,9,3,151),(132,9,4,152),(133,9,5,153),(134,9,6,154),(135,9,7,155),(136,9,8,156),(137,9,9,157),(138,9,10,158),(139,9,11,159),(140,9,12,160),(141,9,13,161),(142,9,14,162),(143,9,15,163),(144,9,16,164),(145,10,1,165),(146,10,2,166),(147,10,3,167),(148,10,4,168),(149,10,5,169),(150,10,6,170),(151,10,7,171),(152,10,8,172),(153,10,9,173),(154,10,10,174),(155,10,11,175),(156,10,12,176),(157,10,13,177),(158,10,14,178),(159,10,15,179),(160,10,16,180),(161,11,1,181),(162,11,2,182),(163,11,3,183),(164,11,4,184),(165,11,5,185),(166,11,6,186),(167,11,7,187),(168,11,8,188),(169,11,9,189),(170,11,10,190),(171,11,11,191),(172,11,12,192),(173,11,13,193),(174,11,14,194),(175,11,15,195),(176,11,16,196),(177,12,1,197),(178,12,2,198),(179,12,3,199),(180,12,4,200),(181,12,5,201),(182,12,6,202),(183,12,7,203),(184,12,8,204),(185,12,9,205),(186,12,10,206),(187,12,11,207),(188,12,12,208),(189,12,13,209),(190,12,14,210),(191,12,15,211),(192,12,16,212),(193,13,1,213),(194,13,2,214),(195,13,3,215),(196,13,4,216),(197,13,5,217),(198,13,6,218),(199,13,7,219),(200,13,8,220),(201,13,9,221),(202,13,10,222),(203,13,11,223),(204,13,12,224),(205,13,13,225),(206,13,14,226),(207,13,15,227),(208,13,16,228),(209,14,1,229),(210,14,2,230),(211,14,3,231),(212,14,4,232),(213,14,5,233),(214,14,6,234),(215,14,7,235),(216,14,8,236),(217,14,9,237),(218,14,10,238),(219,14,11,239),(220,14,12,240),(221,14,13,241),(222,14,14,242),(223,14,15,243),(224,14,16,244),(225,15,1,245),(226,15,2,246),(227,15,3,247),(228,15,4,248),(229,15,5,249),(230,15,6,250),(231,15,7,251),(232,15,8,252),(233,15,9,253),(234,15,10,254),(235,15,11,255),(236,15,12,256),(237,15,13,257),(238,15,14,258),(239,15,15,259),(240,15,16,260),(241,16,1,261),(242,16,2,262),(243,16,3,263),(244,16,4,264),(245,16,5,265),(246,16,6,266),(247,16,7,267),(248,16,8,268),(249,16,9,269),(250,16,10,270),(251,16,11,271),(252,16,12,272),(253,16,13,273),(254,16,14,274),(255,16,15,275),(256,16,16,276);
/*!40000 ALTER TABLE `feedemotecomplete` ENABLE KEYS */;
UNLOCK TABLES;

--
-- Table structure for table `feedlike`
--

DROP TABLE IF EXISTS `feedlike`;
/*!40101 SET @saved_cs_client     = @@character_set_client */;
/*!50503 SET character_set_client = utf8mb4 */;
CREATE TABLE `feedlike` (
  `like_idx` int NOT NULL AUTO_INCREMENT,
  `like_type` int NOT NULL,
  `user_idx` int NOT NULL,
  `feed_idx` int NOT NULL,
  PRIMARY KEY (`like_idx`),
  KEY `fk_feedLike_mainFeed1_idx` (`feed_idx`),
  KEY `fk_feedLike_mainUser_idx` (`user_idx`),
  CONSTRAINT `fk_feedLike_mainFeed1` FOREIGN KEY (`feed_idx`) REFERENCES `mainfeed` (`feed_idx`),
  CONSTRAINT `fk_feedLike_mainUser` FOREIGN KEY (`user_idx`) REFERENCES `mainuser` (`user_idx`)
) ENGINE=InnoDB AUTO_INCREMENT=187 DEFAULT CHARSET=utf8mb4 COLLATE=utf8mb4_0900_ai_ci;
/*!40101 SET character_set_client = @saved_cs_client */;

--
-- Dumping data for table `feedlike`
--

LOCK TABLES `feedlike` WRITE;
/*!40000 ALTER TABLE `feedlike` DISABLE KEYS */;
INSERT INTO `feedlike` VALUES (13,2,6,9),(14,3,7,9),(21,3,12,9),(23,3,14,9),(33,1,29,30),(34,1,30,30),(35,1,8,76),(36,1,8,44),(37,1,8,54),(38,3,18,99),(41,3,27,101),(42,1,27,44),(45,3,8,101),(47,1,18,110),(48,3,27,112),(49,2,14,54),(50,1,14,99),(51,3,14,111),(52,2,14,110),(53,1,14,44),(54,1,8,114),(55,1,27,114),(59,1,20,118),(60,1,14,118),(61,1,27,118),(63,2,18,112),(64,3,14,72),(65,2,18,111),(68,1,14,112),(69,1,14,114),(70,3,20,130),(72,2,14,130),(73,1,27,130),(74,1,14,132),(75,1,20,132),(76,1,27,132),(78,1,14,134),(79,2,27,134),(80,2,18,130),(81,2,12,132),(83,3,18,25),(86,3,12,24),(92,1,54,142),(93,3,8,109),(94,3,20,146),(95,3,12,146),(97,1,20,144),(98,1,14,148),(99,3,14,146),(101,1,18,148),(102,1,12,153),(103,1,12,144),(104,2,20,150),(105,3,12,154),(106,1,8,148),(108,1,33,99),(109,1,33,105),(110,3,31,184),(111,2,14,184),(112,1,8,184),(113,1,8,99),(114,3,20,25),(115,3,8,102),(116,1,12,184),(117,3,12,109),(118,3,12,101),(120,1,12,150),(122,3,12,25),(123,3,12,54),(124,3,12,53),(125,2,66,192),(126,1,59,193),(127,2,20,194),(128,3,14,194),(129,2,14,193),(131,1,12,193),(132,3,27,196),(134,1,33,76),(135,2,20,204),(138,1,18,208),(139,1,18,209),(140,1,72,148),(141,1,72,99),(142,2,14,211),(143,2,12,211),(145,1,8,215),(146,3,8,211),(147,2,27,99),(149,3,8,217),(151,1,27,217),(152,1,53,217),(159,1,20,217),(162,1,14,196),(163,2,14,215),(164,1,27,222),(165,1,8,223),(166,1,12,222),(167,1,20,147),(170,1,14,222),(172,3,14,150),(173,3,14,225),(174,3,8,194),(175,1,8,112),(176,1,12,151),(177,2,18,227),(178,2,18,151),(179,1,8,228),(180,2,27,228),(181,1,61,223),(182,1,27,150),(183,3,20,196),(184,1,12,118),(185,1,31,229),(186,2,18,229);
/*!40000 ALTER TABLE `feedlike` ENABLE KEYS */;
UNLOCK TABLES;

--
-- Table structure for table `feedscrap`
--

DROP TABLE IF EXISTS `feedscrap`;
/*!40101 SET @saved_cs_client     = @@character_set_client */;
/*!50503 SET character_set_client = utf8mb4 */;
CREATE TABLE `feedscrap` (
  `scrap_idx` int NOT NULL AUTO_INCREMENT,
  `update_date` datetime NOT NULL DEFAULT CURRENT_TIMESTAMP,
  `user_idx` int NOT NULL,
  `feed_idx` int NOT NULL,
  PRIMARY KEY (`scrap_idx`,`user_idx`),
  KEY `fk_feedScrap_mainUser1_idx` (`user_idx`),
  KEY `fk_feedScrap_mainFeed1_idx` (`feed_idx`),
  CONSTRAINT `fk_feedScrap_mainFeed1` FOREIGN KEY (`feed_idx`) REFERENCES `mainfeed` (`feed_idx`),
  CONSTRAINT `fk_feedScrap_mainUser1` FOREIGN KEY (`user_idx`) REFERENCES `mainuser` (`user_idx`)
) ENGINE=InnoDB AUTO_INCREMENT=92 DEFAULT CHARSET=utf8mb4 COLLATE=utf8mb4_0900_ai_ci;
/*!40101 SET character_set_client = @saved_cs_client */;

--
-- Dumping data for table `feedscrap`
--

LOCK TABLES `feedscrap` WRITE;
/*!40000 ALTER TABLE `feedscrap` DISABLE KEYS */;
INSERT INTO `feedscrap` VALUES (32,'2023-02-08 23:35:11',14,9),(35,'2023-02-09 11:05:07',29,30),(36,'2023-02-09 11:08:23',30,30),(37,'2023-02-10 03:06:39',8,44),(41,'2023-02-10 03:32:41',8,76),(42,'2023-02-12 07:40:23',27,114),(44,'2023-02-13 00:34:25',20,30),(45,'2023-02-13 00:34:31',27,30),(46,'2023-02-13 00:53:24',14,112),(47,'2023-02-13 01:25:07',20,99),(48,'2023-02-13 01:25:51',20,115),(49,'2023-02-13 01:26:23',20,112),(50,'2023-02-13 01:31:35',20,118),(51,'2023-02-13 02:13:47',20,111),(53,'2023-02-13 03:36:04',14,72),(57,'2023-02-14 00:34:50',27,132),(58,'2023-02-14 06:02:55',12,132),(61,'2023-02-14 08:52:22',54,142),(63,'2023-02-15 04:21:10',18,99),(66,'2023-02-15 04:23:03',18,132),(67,'2023-02-15 04:23:26',18,112),(68,'2023-02-15 04:32:05',12,153),(69,'2023-02-15 04:32:32',12,144),(77,'2023-02-15 06:32:18',8,148),(78,'2023-02-15 07:18:54',33,99),(79,'2023-02-15 08:29:43',8,184),(80,'2023-02-15 10:21:00',12,118),(81,'2023-02-16 02:47:05',33,76),(83,'2023-02-16 07:13:05',18,147),(84,'2023-02-16 07:24:56',27,112),(85,'2023-02-16 08:11:15',14,99),(86,'2023-02-16 11:37:33',8,217),(87,'2023-02-16 16:14:54',8,112),(88,'2023-02-16 16:38:02',12,151),(90,'2023-02-17 01:20:12',27,196);
/*!40000 ALTER TABLE `feedscrap` ENABLE KEYS */;
UNLOCK TABLES;

--
-- Table structure for table `imagefile`
--

DROP TABLE IF EXISTS `imagefile`;
/*!40101 SET @saved_cs_client     = @@character_set_client */;
/*!50503 SET character_set_client = utf8mb4 */;
CREATE TABLE `imagefile` (
  `file_idx` int NOT NULL AUTO_INCREMENT,
  `save_folder` varchar(200) CHARACTER SET utf8mb4 COLLATE utf8mb4_unicode_ci DEFAULT NULL,
  `original_file` varchar(200) CHARACTER SET utf8mb4 COLLATE utf8mb4_unicode_ci DEFAULT NULL,
  `save_file` varchar(200) CHARACTER SET utf8mb4 COLLATE utf8mb4_unicode_ci DEFAULT NULL,
  PRIMARY KEY (`file_idx`)
) ENGINE=InnoDB AUTO_INCREMENT=588 DEFAULT CHARSET=utf8mb4 COLLATE=utf8mb4_unicode_ci;
/*!40101 SET character_set_client = @saved_cs_client */;

--
-- Dumping data for table `imagefile`
--

LOCK TABLES `imagefile` WRITE;
/*!40000 ALTER TABLE `imagefile` DISABLE KEYS */;
INSERT INTO `imagefile` VALUES (1,'230130','temp.png','894922736401200.png'),(2,'230130','temp.png','453521744096943.png'),(3,'230131','temp.png','953707096371500.png'),(4,'230131','temp.png','512170492937707.png'),(5,'normal','aggro.png','aggro.png'),(6,'normal','joy.png','joy.png'),(7,'normal','loneliness.png','loneliness.png'),(8,'normal','depressed.png','depressed.png'),(9,'normal','fatigue.png','fatigue.png'),(10,'normal','satisfied.png','satisfied.png'),(11,'normal','happiness.png','happiness.png'),(12,'normal','sadness.png','sadness.png'),(13,'normal','unrest.png','unrest.png'),(14,'normal','pain.png','pain.png'),(15,'normal','discomfort.png','discomfort.png'),(16,'normal','disappointment.png','disappointment.png'),(17,'normal','nervous.png','nervous.png'),(18,'normal','excited.png','excited.png'),(19,'normal','boredom.png','boredom.png'),(20,'normal','etc.png','etc.png'),(21,'aggro','Red.png','Red.png'),(22,'aggro','Blue.png','Blue.png'),(23,'aggro','Green.png','Green.png'),(24,'aggro','Beige.png','Beige.png'),(25,'aggro','Brown.png','Brown.png'),(26,'aggro','Gray.png','Gray.png'),(27,'aggro','Pink.png','Pink.png'),(28,'aggro','Navy.png','Navy.png'),(29,'aggro','Peach.png','Peach.png'),(30,'aggro','Yellow.png','Yellow.png'),(31,'aggro','Orange.png','Orange.png'),(32,'aggro','Purple.png','Purple.png'),(33,'aggro','White.png','White.png'),(34,'aggro','Mint.png','Mint.png'),(35,'aggro','Mauve.png','Mauve.png'),(36,'aggro','Black.png','Black.png'),(37,'joy','Red.png','Red.png'),(38,'joy','Blue.png','Blue.png'),(39,'joy','Green.png','Green.png'),(40,'joy','Beige.png','Beige.png'),(41,'joy','Brown.png','Brown.png'),(42,'joy','Gray.png','Gray.png'),(43,'joy','Pink.png','Pink.png'),(44,'joy','Navy.png','Navy.png'),(45,'joy','Peach.png','Peach.png'),(46,'joy','Yellow.png','Yellow.png'),(47,'joy','Orange.png','Orange.png'),(48,'joy','Purple.png','Purple.png'),(49,'joy','White.png','White.png'),(50,'joy','Mint.png','Mint.png'),(51,'joy','Mauve.png','Mauve.png'),(52,'joy','Black.png','Black.png'),(53,'loneliness','Red.png','Red.png'),(54,'loneliness','Blue.png','Blue.png'),(55,'loneliness','Green.png','Green.png'),(56,'loneliness','Beige.png','Beige.png'),(57,'loneliness','Brown.png','Brown.png'),(58,'loneliness','Gray.png','Gray.png'),(59,'loneliness','Pink.png','Pink.png'),(60,'loneliness','Navy.png','Navy.png'),(61,'loneliness','Peach.png','Peach.png'),(62,'loneliness','Yellow.png','Yellow.png'),(63,'loneliness','Orange.png','Orange.png'),(64,'loneliness','Purple.png','Purple.png'),(65,'loneliness','White.png','White.png'),(66,'loneliness','Mint.png','Mint.png'),(67,'loneliness','Mauve.png','Mauve.png'),(68,'loneliness','Black.png','Black.png'),(69,'depressed','Red.png','Red.png'),(70,'depressed','Blue.png','Blue.png'),(71,'depressed','Green.png','Green.png'),(72,'depressed','Beige.png','Beige.png'),(73,'depressed','Brown.png','Brown.png'),(74,'depressed','Gray.png','Gray.png'),(75,'depressed','Pink.png','Pink.png'),(76,'depressed','Navy.png','Navy.png'),(77,'depressed','Peach.png','Peach.png'),(78,'depressed','Yellow.png','Yellow.png'),(79,'depressed','Orange.png','Orange.png'),(80,'depressed','Purple.png','Purple.png'),(81,'depressed','White.png','White.png'),(82,'depressed','Mint.png','Mint.png'),(83,'depressed','Mauve.png','Mauve.png'),(84,'depressed','Black.png','Black.png'),(85,'fatigue','Red.png','Red.png'),(86,'fatigue','Blue.png','Blue.png'),(87,'fatigue','Green.png','Green.png'),(88,'fatigue','Beige.png','Beige.png'),(89,'fatigue','Brown.png','Brown.png'),(90,'fatigue','Gray.png','Gray.png'),(91,'fatigue','Pink.png','Pink.png'),(92,'fatigue','Navy.png','Navy.png'),(93,'fatigue','Peach.png','Peach.png'),(94,'fatigue','Yellow.png','Yellow.png'),(95,'fatigue','Orange.png','Orange.png'),(96,'fatigue','Purple.png','Purple.png'),(97,'fatigue','White.png','White.png'),(98,'fatigue','Mint.png','Mint.png'),(99,'fatigue','Mauve.png','Mauve.png'),(100,'fatigue','Black.png','Black.png'),(101,'satisfied','Red.png','Red.png'),(102,'satisfied','Blue.png','Blue.png'),(103,'satisfied','Green.png','Green.png'),(104,'satisfied','Beige.png','Beige.png'),(105,'satisfied','Brown.png','Brown.png'),(106,'satisfied','Gray.png','Gray.png'),(107,'satisfied','Pink.png','Pink.png'),(108,'satisfied','Navy.png','Navy.png'),(109,'satisfied','Peach.png','Peach.png'),(110,'satisfied','Yellow.png','Yellow.png'),(111,'satisfied','Orange.png','Orange.png'),(112,'satisfied','Purple.png','Purple.png'),(113,'satisfied','White.png','White.png'),(114,'satisfied','Mint.png','Mint.png'),(115,'satisfied','Mauve.png','Mauve.png'),(116,'satisfied','Black.png','Black.png'),(117,'happiness','Red.png','Red.png'),(118,'happiness','Blue.png','Blue.png'),(119,'happiness','Green.png','Green.png'),(120,'happiness','Beige.png','Beige.png'),(121,'happiness','Brown.png','Brown.png'),(122,'happiness','Gray.png','Gray.png'),(123,'happiness','Pink.png','Pink.png'),(124,'happiness','Navy.png','Navy.png'),(125,'happiness','Peach.png','Peach.png'),(126,'happiness','Yellow.png','Yellow.png'),(127,'happiness','Orange.png','Orange.png'),(128,'happiness','Purple.png','Purple.png'),(129,'happiness','White.png','White.png'),(130,'happiness','Mint.png','Mint.png'),(131,'happiness','Mauve.png','Mauve.png'),(132,'happiness','Black.png','Black.png'),(133,'sadness','Red.png','Red.png'),(134,'sadness','Blue.png','Blue.png'),(135,'sadness','Green.png','Green.png'),(136,'sadness','Beige.png','Beige.png'),(137,'sadness','Brown.png','Brown.png'),(138,'sadness','Gray.png','Gray.png'),(139,'sadness','Pink.png','Pink.png'),(140,'sadness','Navy.png','Navy.png'),(141,'sadness','Peach.png','Peach.png'),(142,'sadness','Yellow.png','Yellow.png'),(143,'sadness','Orange.png','Orange.png'),(144,'sadness','Purple.png','Purple.png'),(145,'sadness','White.png','White.png'),(146,'sadness','Mint.png','Mint.png'),(147,'sadness','Mauve.png','Mauve.png'),(148,'sadness','Black.png','Black.png'),(149,'unrest','Red.png','Red.png'),(150,'unrest','Blue.png','Blue.png'),(151,'unrest','Green.png','Green.png'),(152,'unrest','Beige.png','Beige.png'),(153,'unrest','Brown.png','Brown.png'),(154,'unrest','Gray.png','Gray.png'),(155,'unrest','Pink.png','Pink.png'),(156,'unrest','Navy.png','Navy.png'),(157,'unrest','Peach.png','Peach.png'),(158,'unrest','Yellow.png','Yellow.png'),(159,'unrest','Orange.png','Orange.png'),(160,'unrest','Purple.png','Purple.png'),(161,'unrest','White.png','White.png'),(162,'unrest','Mint.png','Mint.png'),(163,'unrest','Mauve.png','Mauve.png'),(164,'unrest','Black.png','Black.png'),(165,'pain','Red.png','Red.png'),(166,'pain','Blue.png','Blue.png'),(167,'pain','Green.png','Green.png'),(168,'pain','Beige.png','Beige.png'),(169,'pain','Brown.png','Brown.png'),(170,'pain','Gray.png','Gray.png'),(171,'pain','Pink.png','Pink.png'),(172,'pain','Navy.png','Navy.png'),(173,'pain','Peach.png','Peach.png'),(174,'pain','Yellow.png','Yellow.png'),(175,'pain','Orange.png','Orange.png'),(176,'pain','Purple.png','Purple.png'),(177,'pain','White.png','White.png'),(178,'pain','Mint.png','Mint.png'),(179,'pain','Mauve.png','Mauve.png'),(180,'pain','Black.png','Black.png'),(181,'discomfort','Red.png','Red.png'),(182,'discomfort','Blue.png','Blue.png'),(183,'discomfort','Green.png','Green.png'),(184,'discomfort','Beige.png','Beige.png'),(185,'discomfort','Brown.png','Brown.png'),(186,'discomfort','Gray.png','Gray.png'),(187,'discomfort','Pink.png','Pink.png'),(188,'discomfort','Navy.png','Navy.png'),(189,'discomfort','Peach.png','Peach.png'),(190,'discomfort','Yellow.png','Yellow.png'),(191,'discomfort','Orange.png','Orange.png'),(192,'discomfort','Purple.png','Purple.png'),(193,'discomfort','White.png','White.png'),(194,'discomfort','Mint.png','Mint.png'),(195,'discomfort','Mauve.png','Mauve.png'),(196,'discomfort','Black.png','Black.png'),(197,'disappointment','Red.png','Red.png'),(198,'disappointment','Blue.png','Blue.png'),(199,'disappointment','Green.png','Green.png'),(200,'disappointment','Beige.png','Beige.png'),(201,'disappointment','Brown.png','Brown.png'),(202,'disappointment','Gray.png','Gray.png'),(203,'disappointment','Pink.png','Pink.png'),(204,'disappointment','Navy.png','Navy.png'),(205,'disappointment','Peach.png','Peach.png'),(206,'disappointment','Yellow.png','Yellow.png'),(207,'disappointment','Orange.png','Orange.png'),(208,'disappointment','Purple.png','Purple.png'),(209,'disappointment','White.png','White.png'),(210,'disappointment','Mint.png','Mint.png'),(211,'disappointment','Mauve.png','Mauve.png'),(212,'disappointment','Black.png','Black.png'),(213,'nervous','Red.png','Red.png'),(214,'nervous','Blue.png','Blue.png'),(215,'nervous','Green.png','Green.png'),(216,'nervous','Beige.png','Beige.png'),(217,'nervous','Brown.png','Brown.png'),(218,'nervous','Gray.png','Gray.png'),(219,'nervous','Pink.png','Pink.png'),(220,'nervous','Navy.png','Navy.png'),(221,'nervous','Peach.png','Peach.png'),(222,'nervous','Yellow.png','Yellow.png'),(223,'nervous','Orange.png','Orange.png'),(224,'nervous','Purple.png','Purple.png'),(225,'nervous','White.png','White.png'),(226,'nervous','Mint.png','Mint.png'),(227,'nervous','Mauve.png','Mauve.png'),(228,'nervous','Black.png','Black.png'),(229,'excited','Red.png','Red.png'),(230,'excited','Blue.png','Blue.png'),(231,'excited','Green.png','Green.png'),(232,'excited','Beige.png','Beige.png'),(233,'excited','Brown.png','Brown.png'),(234,'excited','Gray.png','Gray.png'),(235,'excited','Pink.png','Pink.png'),(236,'excited','Navy.png','Navy.png'),(237,'excited','Peach.png','Peach.png'),(238,'excited','Yellow.png','Yellow.png'),(239,'excited','Orange.png','Orange.png'),(240,'excited','Purple.png','Purple.png'),(241,'excited','White.png','White.png'),(242,'excited','Mint.png','Mint.png'),(243,'excited','Mauve.png','Mauve.png'),(244,'excited','Black.png','Black.png'),(245,'boredom','Red.png','Red.png'),(246,'boredom','Blue.png','Blue.png'),(247,'boredom','Green.png','Green.png'),(248,'boredom','Beige.png','Beige.png'),(249,'boredom','Brown.png','Brown.png'),(250,'boredom','Gray.png','Gray.png'),(251,'boredom','Pink.png','Pink.png'),(252,'boredom','Navy.png','Navy.png'),(253,'boredom','Peach.png','Peach.png'),(254,'boredom','Yellow.png','Yellow.png'),(255,'boredom','Orange.png','Orange.png'),(256,'boredom','Purple.png','Purple.png'),(257,'boredom','White.png','White.png'),(258,'boredom','Mint.png','Mint.png'),(259,'boredom','Mauve.png','Mauve.png'),(260,'boredom','Black.png','Black.png'),(261,'etc','Red.png','Red.png'),(262,'etc','Blue.png','Blue.png'),(263,'etc','Green.png','Green.png'),(264,'etc','Beige.png','Beige.png'),(265,'etc','Brown.png','Brown.png'),(266,'etc','Gray.png','Gray.png'),(267,'etc','Pink.png','Pink.png'),(268,'etc','Navy.png','Navy.png'),(269,'etc','Peach.png','Peach.png'),(270,'etc','Yellow.png','Yellow.png'),(271,'etc','Orange.png','Orange.png'),(272,'etc','Purple.png','Purple.png'),(273,'etc','White.png','White.png'),(274,'etc','Mint.png','Mint.png'),(275,'etc','Mauve.png','Mauve.png'),(276,'etc','Black.png','Black.png'),(277,'230201','temp.png','620789557170839.png'),(278,'230201','temp.png','620897214474140.png'),(279,'230201','a.txt','621309611390775.txt'),(280,'230201','temp.png','621720857312550.png'),(281,'230201','temp.png','1063593544296399.png'),(282,'230201','temp.png','1063634074555500.png'),(283,'230201','temp.png','1063718163105600.png'),(284,'230201','temp.png','1064246891580500.png'),(285,'230201','temp.png','1064320596855399.png'),(286,'230201','temp.png','1064599434689200.png'),(287,'230201','temp.png','1064621592785800.png'),(288,'230201','temp.png','1064642878485100.png'),(289,'230201','temp.png','1064794729867300.png'),(290,'230201','temp.png','1065147747206199.png'),(291,'230201','temp.png','1065231695047200.png'),(292,'230201','temp.png','1065302314641000.png'),(293,'230201','temp.png','1065541266057400.png'),(294,'230201','temp.png','1065662223470100.png'),(295,'230201','temp.png','1065906274339400.png'),(296,'230201','temp.png','624172505012086.png'),(297,'230201','temp.png','624174901882230.png'),(298,'230201','temp.png','624297028446467.png'),(299,'230201','temp.png','625246171705683.png'),(300,'230208','1675819350053_8_profile.webp','59121776775402.webp'),(301,'230208','1675835103932_14.webp','74875981343708.webp'),(302,'230208','1675835396929_14.webp','75168665974982.webp'),(303,'230208','1675836916967_8_profile.webp','76688058861236.webp'),(304,'230208','1675840876716_8_profile.webp','80647712277630.webp'),(305,'normal','base.png','base.png'),(306,'230208','1675841421746_20.webp','81193437118472.webp'),(307,'230208','1675842625019_8.webp','82396112600366.webp'),(308,'230208','1675843962874_8_profile.webp','83733911552609.webp'),(309,'230208','1675844005607_8_profile.webp','83776640069428.webp'),(310,'230208','1675844079519_8_profile.webp','83850555469220.webp'),(311,'230208','1675844107433_8_profile.webp','83878471796918.webp'),(312,'230208','1675845105390_14.webp','84877104095416.webp'),(313,'230208','1675845149222_14.webp','84924198824718.webp'),(314,'230208','1675845494942_14.webp','85269922991037.webp'),(315,'230208','1675846008880_14_profile.webp','85779971123527.webp'),(316,'230208','1675851870978_14.webp','91642980829872.webp'),(317,'230208','1675858392617_14.webp','98164750268730.webp'),(318,'230208','1675863459720_14.webp','103256343246547.webp'),(319,'230209','1675901801448_14.webp','141572696610344.webp'),(320,'230209','1675903172138_14.webp','142943057655946.webp'),(321,'230209','1675903719937_20.webp','143482671048301.webp'),(322,'230209','1675904198245_20_profile.webp','143960987076589.webp'),(323,'230209','1675905693829_14.webp','145464771167071.webp'),(324,'230209','1675906178778_14.webp','145951128457783.webp'),(325,'230209','1675907394881_14.webp','147165802516352.webp'),(326,'230209','1675907668134_14.webp','147439040459271.webp'),(327,'230209','1675908332433_14_profile.webp','148103648209205.webp'),(328,'230209','1675914622869_20.webp','154393713090604.webp'),(329,'230209','1675914963361_20.webp','154734204469935.webp'),(330,'230209','1675916324101_20.webp','156094968696973.webp'),(331,'230209','1675918430464_null_profile.webp','158201305890628.webp'),(332,'230209','1675920788516_14.webp','160559558559602.webp'),(333,'230209','1675926347529_12.webp','166122991721564.webp'),(334,'230209','1675926527447_14.webp','166298199318580.webp'),(335,'230209','1675930487207_12.webp','170259332022834.webp'),(336,'230209','1675931201466_8.webp','170972401290277.webp'),(337,'230209','1675932712604_20_profile.webp','172494567770966.webp'),(338,'230209','1675932896851_27.webp','172669472216305.webp'),(339,'230209','1675933024150_17.webp','172800169171560.webp'),(340,'230209','1675933480990_27.webp','173252122232104.webp'),(341,'230209','1675933977571_18.webp','173750440453259.webp'),(342,'230209','1675936204133_18.webp','175976673089129.webp'),(343,'230209','1675938578272_18.webp','178350370995299.webp'),(344,'230209','1675940696402_29.webp','180468460390042.webp'),(345,'230209','1675941321951_29.webp','181094011485547.webp'),(346,'230209','1675944589620_27.webp','184360848644649.webp'),(347,'230209','1675946563755_18.webp','186336016324146.webp'),(348,'230210','1675989340420_27.webp','229113539194201.webp'),(349,'230210','1675989608447_27.webp','229381910339463.webp'),(350,'230210','1675991137905_17.webp','230911542923720.webp'),(351,'230210','1675993071240_27.webp','232844408284442.webp'),(352,'230210','1675994500205_18.webp','234272865034781.webp'),(353,'230210','1675995812197_18.webp','235584886347424.webp'),(354,'230210','1676003916361_17.webp','243690005719602.webp'),(355,'230210','1676004034372_20.webp','243805875809369.webp'),(356,'230210','1676004856969_27.webp','244630268048637.webp'),(357,'230210','1676006540323_32.webp','246314272640569.webp'),(358,'230210','1676006589461_27.webp','246362774242560.webp'),(359,'230210','1676006691875_31.webp','246468172660585.webp'),(360,'230210','1676006745681_27.webp','246518983295241.webp'),(361,'230210','1676007174138_27.webp','246947470107078.webp'),(362,'230210','1676008414750_8.webp','248185206309180.webp'),(363,'230210','1676010612935_17.webp','250386667514438.webp'),(364,'230210','1676011968841_17.webp','251742600563965.webp'),(365,'230210','1676012004156_33.webp','251774102626017.webp'),(366,'230210','1676013732374_18.webp','253505252242647.webp'),(367,'230210','1676014546193_18.webp','254318554998999.webp'),(368,'230210','1676015915550_18.webp','255687986321758.webp'),(369,'230210','1676034528747_34.webp','274301094399702.webp'),(370,'230212','1676129974592_20.webp','369746494106319.webp'),(371,'230212','1676135452380_27_profile.webp','375252561340601.webp'),(372,'230212','1676137017494_27.webp','376817717411216.webp'),(373,'230212','1676207689516_8_profile.webp','447461401731218.webp'),(374,'230212','1676207698584_8_profile.webp','447470472679874.webp'),(375,'230213','1676247996639_20_profile.webp','487779628925135.webp'),(376,'230213','1676251777443_14.webp','491549931511016.webp'),(377,'230213','1676253684603_20.webp','493458327292829.webp'),(378,'230213','1676262587017_41.webp','502359045135109.webp'),(379,'230213','1676263325210_27_profile.webp','503100024746428.webp'),(380,'230213','1676263334542_27_profile.webp','503109357933362.webp'),(381,'230213','1676263628288_27_profile.webp','503403086840937.webp'),(382,'230213','1676263756035_27_profile.webp','503530818686180.webp'),(383,'230213','1676263760977_27_profile.webp','503535778384041.webp'),(384,'230213','1676263766015_27_profile.webp','503540810186742.webp'),(385,'230213','1676263775635_27_profile.webp','503550394312949.webp'),(386,'230213','1676263778747_27_profile.webp','503553505786326.webp'),(387,'230213','1676263962641_27_profile.webp','503737415493935.webp'),(388,'230213','1676263965396_27_profile.webp','503740168496943.webp'),(389,'230213','1676266327719_27_profile.webp','506102296405904.webp'),(390,'230213','1676266456833_20_profile.webp','506228511152951.webp'),(391,'230213','1676266507427_20_profile.webp','506279093958013.webp'),(392,'230213','1676266759904_27_profile.webp','506534424989316.webp'),(393,'230213','1676266770536_27_profile.webp','506545050353424.webp'),(394,'230213','1676266863081_27_profile.webp','506637605821075.webp'),(395,'230213','1676266896750_20_profile.webp','506668431406054.webp'),(396,'230213','1676266914235_27_profile.webp','506688753073727.webp'),(397,'230213','1676266935415_27_profile.webp','506709934787753.webp'),(398,'230213','1676267043586_27_profile.webp','506818103587200.webp'),(399,'230213','1676267260659_27_profile.webp','507035179765173.webp'),(400,'230213','123.gif','184589176005700.gif'),(401,'230213','123.gif','184614671753800.gif'),(402,'230213','1676269343658_27_profile.webp','509118225399103.webp'),(403,'230213','1676271703003_14.webp','511475364839289.webp'),(404,'230213','1676272812714_27.webp','512587348739446.webp'),(405,'230213','1676273049246_27.webp','512823878429704.webp'),(406,'230213','1676274523289_18.webp','514295287246870.webp'),(407,'230213','1676274634210_20.webp','514407735216400.webp'),(408,'230213','1676275981183_20.webp','515752724475620.webp'),(409,'230213','1676281228957_18.webp','521000757051809.webp'),(410,'230213','1676281228959_18.webp','521001013738677.webp'),(411,'230213','1676291715276_12_profile.webp','531487529684478.webp'),(412,'230214','1676309736628_27.webp','549539049349874.webp'),(413,'230214','1676333363551_14.webp','573135448602077.webp'),(414,'230214','1676333480895_17_profile.webp','573255252077772.webp'),(415,'230214','1676333545541_17.webp','573319829979004.webp'),(416,'230214','1676334776083_18.webp','574546859855793.webp'),(417,'230214','1676336287971_27.webp','576063574261160.webp'),(418,'230214','1676337289242_20.webp','577063055317465.webp'),(419,'230214','123.gif','1356680382508700.gif'),(420,'230214','123.gif','2176684683498799.gif'),(421,'230214','123.gif','2176736516024900.gif'),(422,'230214','123.gif','2176779161626000.gif'),(423,'230214','123.gif','2176912819114700.gif'),(424,'230214','123.gif','2176913017138000.gif'),(425,'230214','123.gif','2176962536351299.gif'),(426,'230214','123.gif','2176962746211600.gif'),(427,'230214','123.gif','2177213840665199.gif'),(428,'230214','123.gif','2177214065447300.gif'),(429,'230214','1676351331884_32.webp','591104428100621.webp'),(430,'230214','1676352029055_17_profile.webp','591803436669339.webp'),(431,'230214','1676352050990_18_profile.webp','591822104975748.webp'),(432,'230214','1676352068333_18_profile.webp','591839488275602.webp'),(433,'230214','1676352104790_17_profile.webp','591879240076431.webp'),(434,'230214','1676352343900_27_profile.webp','592119616723623.webp'),(435,'230214','1676352462943_17_profile.webp','592237312815520.webp'),(436,'230214','1676352471043_17_profile.webp','592245560085930.webp'),(437,'230214','1676352690151_18_profile.webp','592461279629902.webp'),(438,'230214','1676352864887_18_profile.webp','592636048298798.webp'),(439,'230214','1676353505600_null.webp','593278793221258.webp'),(440,'230214','123.gif','1369373117927300.gif'),(441,'230214','123.gif','1369373303989400.gif'),(442,'230214','123.gif','1369487965145900.gif'),(443,'230214','123.gif','1369488150479300.gif'),(444,'230214','1676364636873_54.webp','604398398732698.webp'),(445,'230214','1676364729166_54.webp','604490674719819.webp'),(446,'230215','1676419383970_20.webp','659153580136423.webp'),(447,'230215','1676420998730_18.webp','660769661799600.webp'),(448,'230215','1676423186565_27.webp','662962597862040.webp'),(449,'230215','1676423279093_null.webp','663051145751962.webp'),(450,'230215','1676423295044_null.webp','663068407403439.webp'),(451,'230215','1676423328398_31.webp','663099990239734.webp'),(452,'230215','1676425002293_20.webp','664771913090482.webp'),(453,'230215','1676428132541_20.webp','667902221085990.webp'),(454,'230215','1676431941680_14.webp','671712422449174.webp'),(455,'230215','1676431959121_20.webp','671728627116533.webp'),(456,'230215','1676434692633_20.webp','674462371479429.webp'),(457,'230215','1676438139813_31.webp','677911956769518.webp'),(458,'230215','123.gif','20776285850700.gif'),(459,'230215','123.gif','20776482737600.gif'),(460,'230215','123.gif','21412339284400.gif'),(461,'230215','123.gif','21412542828800.gif'),(462,'230215','123.gif','22244947433200.gif'),(463,'230215','123.gif','22245167505700.gif'),(464,'230215','123.gif','22277487794800.gif'),(465,'230215','123.gif','22277735497500.gif'),(466,'230215','123.gif','22337358367900.gif'),(467,'230215','123.gif','22337546947600.gif'),(468,'230215','123.gif','22567558002100.gif'),(469,'230215','123.gif','22567876981600.gif'),(470,'230215','123.gif','22632773289800.gif'),(471,'230215','123.gif','22632969980700.gif'),(472,'230215','123.gif','22761411816800.gif'),(473,'230215','123.gif','22761620458700.gif'),(474,'230215','123.gif','22778495013800.gif'),(475,'230215','123.gif','22778708485100.gif'),(476,'230215','123.gif','22808775163200.gif'),(477,'230215','123.gif','22808986360600.gif'),(478,'230215','123.gif','22825640894800.gif'),(479,'230215','123.gif','22825826426700.gif'),(480,'230215','123.gif','22842817397300.gif'),(481,'230215','123.gif','22843010745500.gif'),(482,'230215','123.gif','22857297793800.gif'),(483,'230215','123.gif','22857517486700.gif'),(484,'230215','123.gif','22876073804400.gif'),(485,'230215','123.gif','22876276218700.gif'),(486,'230215','123.gif','22893321687000.gif'),(487,'230215','123.gif','22893519932300.gif'),(488,'230215','123.gif','22935468039500.gif'),(489,'230215','123.gif','22935702392400.gif'),(490,'230215','123.gif','22965830548000.gif'),(491,'230215','123.gif','22966007196700.gif'),(492,'230215','123.gif','23121459506700.gif'),(493,'230215','123.gif','23121664930800.gif'),(494,'230215','123.gif','23150628225800.gif'),(495,'230215','123.gif','23150849606900.gif'),(496,'230215','123.gif','23624440383300.gif'),(497,'230215','123.gif','23624646349100.gif'),(498,'230215','123.gif','23803489782700.gif'),(499,'230215','123.gif','23803694592300.gif'),(500,'230215','123.gif','23881974408200.gif'),(501,'230215','123.gif','23882177926500.gif'),(502,'230215','123.gif','23955639030100.gif'),(503,'230215','123.gif','23955874784600.gif'),(504,'230215','123.gif','24072118894800.gif'),(505,'230215','123.gif','24072414246600.gif'),(506,'230215','123.gif','24102523351000.gif'),(507,'230215','123.gif','24102725669700.gif'),(508,'230215','123.gif','24130205637300.gif'),(509,'230215','123.gif','24130401015400.gif'),(510,'230215','123.gif','24144101171500.gif'),(511,'230215','123.gif','24144286863900.gif'),(512,'230215','123.gif','24185584252500.gif'),(513,'230215','123.gif','24185795394800.gif'),(514,'230215','123.gif','24268045989300.gif'),(515,'230215','123.gif','24268213709200.gif'),(516,'230215','1676445724640_33.webp','685494935705033.webp'),(517,'230215','1676445835234_60_profile.webp','685610484054083.webp'),(518,'230215','1676449350565_61.webp','689125767065794.webp'),(519,'230215','1676449728391_8.webp','689498619066969.webp'),(520,'230215','1676449817111_27.webp','689593420651365.webp'),(521,'230215','1676450047735_8.webp','689818060103955.webp'),(522,'230215','1676450768263_64.webp','690540861491189.webp'),(523,'230215','1676457430156_20.webp','697203529098081.webp'),(524,'230215','1676465824878_59.webp','705596869961114.webp'),(525,'230215','1676465997115_59.webp','705769090212053.webp'),(526,'230215','1676472069343_66.webp','711847104921698.webp'),(527,'230216','1676503391408_59.webp','743162505645841.webp'),(528,'230216','1676509159950_14.webp','748930339903160.webp'),(529,'230216','1676509697485_14.webp','749467841295001.webp'),(530,'230216','1676510112244_8.webp','749884733658820.webp'),(531,'230216','1676510227427_14.webp','749997767253442.webp'),(532,'230216','1676510289269_14.webp','750059612285994.webp'),(533,'230216','1676510319464_14.webp','750089803570504.webp'),(534,'230216','1676510383349_27.webp','750160340671345.webp'),(535,'230216','1676510408988_14.webp','750179324847498.webp'),(536,'230216','1676510544840_14.webp','750315182115913.webp'),(537,'230216','1676510954651_14.webp','750725044578537.webp'),(538,'230216','1676512162907_61_profile.webp','751937992487187.webp'),(539,'230216','123.gif','7417640772400.gif'),(540,'230216','123.gif','7417840419900.gif'),(541,'230216','123.gif','8191819231800.gif'),(542,'230216','123.gif','8192046158400.gif'),(543,'230216','1676515611730_33.webp','755384135618761.webp'),(544,'230216','1676516282809_61.webp','756057906751980.webp'),(545,'230216','1676519183022_61.webp','758958110740313.webp'),(546,'230216','1676520872213_67.webp','760642799025728.webp'),(547,'230216','1676521444051_18.webp','761214612038620.webp'),(548,'230216','1676525112616_59.webp','764889755974366.webp'),(549,'230216','1676525445009_8.webp','765215192102744.webp'),(550,'230216','1676528476131_70_profile.webp','768251372153372.webp'),(551,'230216','1676529334538_18_profile.webp','769105257327848.webp'),(552,'230216','1676529740283_29.webp','769512184597730.webp'),(553,'230216','1676530612123_18.webp','770382833240680.webp'),(554,'230216','1676532225035_27.webp','772002224777067.webp'),(555,'230216','1676536470688_20.webp','776243854240013.webp'),(556,'230216','1676542608192_27.webp','782380253797478.webp'),(557,'230216','1676542707854_20_profile.webp','782479914928272.webp'),(558,'230216','1676546255136_27.webp','786027196619389.webp'),(559,'230216','1676547257119_8.webp','787029093289018.webp'),(560,'230216','1676548081101_27.webp','787853179829256.webp'),(561,'230216','1676548414313_12_profile.webp','788186390440705.webp'),(562,'230216','1676548496819_27_profile.webp','788268903250985.webp'),(563,'230216','1676548498516_27_profile.webp','788270595652301.webp'),(564,'230216','1676548507082_27_profile.webp','788279163436675.webp'),(565,'230216','1676548955149_27_profile.webp','788727246344949.webp'),(566,'230216','1676548983568_27_profile.webp','788755643968805.webp'),(567,'230216','1676549463332_27_profile.webp','789235418049941.webp'),(568,'230216','1676550700606_14.webp','790472512856985.webp'),(569,'230216','1676551469240_58_profile.webp','791241595460277.webp'),(570,'230216','1676553200724_8_profile.webp','792972980260937.webp'),(571,'230216','1676553540277_8.webp','793312307094622.webp'),(572,'230216','1676555120175_14_profile.webp','794892147177330.webp'),(573,'230216','1676555149850_65.webp','794921930516818.webp'),(574,'230216','1676559528086_8.webp','799299611009855.webp'),(575,'230217','1676561612149_14.webp','801384060375456.webp'),(576,'230217','1676561808019_12.webp','801580514068434.webp'),(577,'230217','1676587554259_76.webp','827327526797547.webp'),(578,'230217','1676587679672_28.webp','827451924661264.webp'),(579,'230217','1676588375868_18_profile.webp','828151044628895.webp'),(580,'230217','1676588406992_18_profile.webp','828181128423333.webp'),(581,'230217','1676588499876_18_profile.webp','828274573718884.webp'),(582,'230217','1676593456218_18.webp','833226032652062.webp'),(583,'230217','1676595156111_17_profile.webp','834932462681142.webp'),(584,'230217','1676596466783_18.webp','836236711303309.webp'),(585,'230217','1676597962736_27.webp','837734566664295.webp'),(586,'230217','1676598456058_18_profile.webp','838225952135098.webp'),(587,'230217','1676600970670_18.webp','840740613336178.webp');
/*!40000 ALTER TABLE `imagefile` ENABLE KEYS */;
UNLOCK TABLES;

--
-- Table structure for table `mainalarm`
--

DROP TABLE IF EXISTS `mainalarm`;
/*!40101 SET @saved_cs_client     = @@character_set_client */;
/*!50503 SET character_set_client = utf8mb4 */;
CREATE TABLE `mainalarm` (
  `alarm_idx` int NOT NULL AUTO_INCREMENT,
  `alarm_type` int NOT NULL,
  `send_user_idx` int NOT NULL,
  `receive_user_idx` int NOT NULL,
  `feed_idx` int DEFAULT NULL,
  `like_type` int DEFAULT NULL,
  `update_date` date NOT NULL DEFAULT (curdate()),
  `is_read` tinyint NOT NULL DEFAULT '0',
  PRIMARY KEY (`alarm_idx`)
) ENGINE=InnoDB AUTO_INCREMENT=391 DEFAULT CHARSET=utf8mb3 COLLATE=utf8_bin;
/*!40101 SET character_set_client = @saved_cs_client */;

--
-- Dumping data for table `mainalarm`
--

LOCK TABLES `mainalarm` WRITE;
/*!40000 ALTER TABLE `mainalarm` DISABLE KEYS */;
INSERT INTO `mainalarm` VALUES (3,1,12,17,NULL,NULL,'2023-02-14',0),(5,1,27,17,NULL,NULL,'2023-02-14',0),(15,2,17,32,101,NULL,'2023-02-14',0),(26,3,54,54,142,1,'2023-02-14',0),(27,2,54,54,142,NULL,'2023-02-14',0),(28,2,54,54,141,NULL,'2023-02-14',0),(29,2,54,54,141,NULL,'2023-02-14',0),(30,2,54,54,141,NULL,'2023-02-14',0),(32,3,8,33,109,3,'2023-02-14',1),(37,1,31,17,NULL,NULL,'2023-02-15',0),(38,2,12,31,146,NULL,'2023-02-15',0),(39,3,20,31,146,3,'2023-02-15',0),(40,2,17,31,146,NULL,'2023-02-15',0),(41,3,12,31,146,3,'2023-02-15',0),(42,3,31,31,146,3,'2023-02-15',0),(46,2,27,12,147,NULL,'2023-02-15',1),(49,3,14,31,146,3,'2023-02-15',0),(50,2,14,31,146,NULL,'2023-02-15',0),(82,2,32,32,138,NULL,'2023-02-15',0),(84,2,18,31,154,NULL,'2023-02-15',0),(85,2,12,31,146,NULL,'2023-02-15',0),(86,3,12,31,154,3,'2023-02-15',0),(88,2,59,31,154,NULL,'2023-02-15',0),(93,1,40,40,NULL,NULL,'2023-02-15',0),(94,1,40,40,NULL,NULL,'2023-02-15',0),(95,1,40,40,NULL,NULL,'2023-02-15',0),(96,1,40,40,NULL,NULL,'2023-02-15',0),(97,1,40,40,NULL,NULL,'2023-02-15',0),(98,2,8,31,154,NULL,'2023-02-15',1),(100,2,60,32,101,NULL,'2023-02-15',0),(106,3,31,33,184,3,'2023-02-15',0),(107,2,31,33,184,NULL,'2023-02-15',0),(108,1,31,33,NULL,NULL,'2023-02-15',0),(110,2,20,33,184,NULL,'2023-02-15',0),(111,2,27,33,184,NULL,'2023-02-15',0),(113,2,59,33,184,NULL,'2023-02-15',0),(114,3,14,33,184,2,'2023-02-15',0),(115,2,14,33,184,NULL,'2023-02-15',0),(116,3,8,33,184,1,'2023-02-15',0),(120,2,20,12,25,NULL,'2023-02-15',1),(121,3,20,12,25,3,'2023-02-15',1),(124,3,12,33,184,1,'2023-02-15',0),(125,3,12,33,109,3,'2023-02-15',1),(126,1,12,31,NULL,NULL,'2023-02-15',0),(127,3,12,32,101,3,'2023-02-15',0),(133,2,12,59,191,NULL,'2023-02-15',0),(134,3,12,29,54,3,'2023-02-15',1),(135,3,12,29,53,3,'2023-02-15',1),(136,3,66,59,192,2,'2023-02-15',0),(137,2,66,59,191,NULL,'2023-02-15',0),(138,3,59,66,193,1,'2023-02-15',0),(139,2,20,59,194,NULL,'2023-02-16',0),(140,3,20,59,194,2,'2023-02-16',0),(141,3,14,59,194,3,'2023-02-16',0),(142,3,14,66,193,2,'2023-02-16',0),(143,3,12,66,193,1,'2023-02-16',0),(144,1,14,31,NULL,NULL,'2023-02-16',1),(147,2,61,32,101,NULL,'2023-02-16',0),(148,2,61,32,101,NULL,'2023-02-16',0),(149,1,40,40,NULL,NULL,'2023-02-16',0),(152,1,40,40,NULL,NULL,'2023-02-16',0),(156,1,33,17,NULL,NULL,'2023-02-16',1),(160,2,33,59,194,NULL,'2023-02-16',0),(161,2,33,59,194,NULL,'2023-02-16',0),(162,1,33,31,NULL,NULL,'2023-02-16',0),(163,1,33,31,NULL,NULL,'2023-02-16',0),(164,1,33,31,NULL,NULL,'2023-02-16',0),(166,1,33,12,NULL,NULL,'2023-02-16',1),(168,2,61,11,9,NULL,'2023-02-16',0),(169,2,61,11,9,NULL,'2023-02-16',0),(170,2,61,11,9,NULL,'2023-02-16',0),(171,2,61,11,9,NULL,'2023-02-16',0),(172,2,61,11,9,NULL,'2023-02-16',0),(173,2,61,11,9,NULL,'2023-02-16',0),(174,2,61,11,9,NULL,'2023-02-16',0),(175,2,61,29,53,NULL,'2023-02-16',1),(176,2,61,29,53,NULL,'2023-02-16',1),(177,2,61,11,9,NULL,'2023-02-16',0),(178,2,61,11,9,NULL,'2023-02-16',0),(179,2,61,11,9,NULL,'2023-02-16',0),(180,2,20,33,204,NULL,'2023-02-16',0),(181,3,20,33,204,2,'2023-02-16',0),(182,2,20,33,204,NULL,'2023-02-16',0),(183,2,20,61,206,NULL,'2023-02-16',0),(184,2,18,61,205,NULL,'2023-02-16',0),(185,2,18,33,204,NULL,'2023-02-16',0),(189,2,18,59,194,NULL,'2023-02-16',0),(190,2,18,59,191,NULL,'2023-02-16',0),(196,1,12,33,NULL,NULL,'2023-02-16',0),(200,2,18,59,192,NULL,'2023-02-16',0),(201,3,18,59,209,1,'2023-02-16',0),(202,2,18,59,209,NULL,'2023-02-16',0),(205,2,18,61,206,NULL,'2023-02-16',0),(206,2,18,32,101,NULL,'2023-02-16',0),(212,2,18,29,211,NULL,'2023-02-16',0),(222,1,27,17,NULL,NULL,'2023-02-16',1),(224,1,27,17,NULL,NULL,'2023-02-16',1),(226,1,27,17,NULL,NULL,'2023-02-16',1),(227,1,27,17,NULL,NULL,'2023-02-16',1),(231,2,59,29,211,NULL,'2023-02-16',0),(233,3,14,29,211,2,'2023-02-16',0),(234,2,14,29,211,NULL,'2023-02-16',0),(241,3,12,29,211,2,'2023-02-16',0),(245,1,27,12,NULL,NULL,'2023-02-16',0),(248,1,14,12,NULL,NULL,'2023-02-16',0),(252,3,8,29,211,3,'2023-02-16',0),(253,2,8,29,211,NULL,'2023-02-16',1),(278,1,8,31,NULL,NULL,'2023-02-16',0),(306,1,8,27,NULL,NULL,'2023-02-16',0),(307,2,8,27,215,NULL,'2023-02-16',0),(315,1,20,27,NULL,NULL,'2023-02-16',0),(316,2,20,27,215,NULL,'2023-02-16',0),(317,2,8,27,215,NULL,'2023-02-16',0),(319,2,8,27,145,NULL,'2023-02-16',0),(320,2,8,27,145,NULL,'2023-02-16',1),(324,3,14,27,215,2,'2023-02-16',0),(325,2,14,27,215,NULL,'2023-02-16',0),(326,2,14,33,204,NULL,'2023-02-16',0),(329,3,27,65,222,1,'2023-02-16',1),(331,1,8,33,NULL,NULL,'2023-02-16',0),(332,3,12,65,222,1,'2023-02-16',0),(334,1,20,12,NULL,NULL,'2023-02-16',0),(335,2,20,12,147,NULL,'2023-02-16',0),(336,3,20,12,147,1,'2023-02-16',0),(337,3,14,65,222,1,'2023-02-16',0),(338,2,14,65,222,NULL,'2023-02-16',0),(342,3,14,12,225,3,'2023-02-16',0),(343,2,14,12,225,NULL,'2023-02-16',0),(345,3,8,59,194,3,'2023-02-16',0),(349,1,8,14,NULL,NULL,'2023-02-16',0),(352,2,76,12,225,NULL,'2023-02-16',0),(353,2,18,28,227,NULL,'2023-02-16',0),(354,3,18,28,227,1,'2023-02-16',0),(357,2,18,27,215,NULL,'2023-02-16',0),(358,2,59,28,227,NULL,'2023-02-16',0),(366,1,61,20,NULL,NULL,'2023-02-17',0),(375,1,18,14,NULL,NULL,'2023-02-17',0),(376,3,27,14,150,1,'2023-02-17',0),(377,3,20,14,196,3,'2023-02-17',0),(378,1,12,14,NULL,NULL,'2023-02-17',0),(379,3,12,14,118,1,'2023-02-17',0),(380,2,18,14,118,NULL,'2023-02-17',1),(383,1,31,12,NULL,NULL,'2023-02-17',0),(386,2,31,65,222,NULL,'2023-02-17',0),(390,1,20,14,NULL,NULL,'2023-02-17',1);
/*!40000 ALTER TABLE `mainalarm` ENABLE KEYS */;
UNLOCK TABLES;

--
-- Table structure for table `mainfeed`
--

DROP TABLE IF EXISTS `mainfeed`;
/*!40101 SET @saved_cs_client     = @@character_set_client */;
/*!50503 SET character_set_client = utf8mb4 */;
CREATE TABLE `mainfeed` (
  `feed_idx` int NOT NULL AUTO_INCREMENT,
  `update_date` date NOT NULL DEFAULT (curdate()),
  `update_time` time NOT NULL DEFAULT (curtime()),
  `is_public` tinyint NOT NULL,
  `main_text` text NOT NULL,
  `normal_tag` text,
  `is_deleted` tinyint NOT NULL DEFAULT '0',
  `user_idx` int NOT NULL,
  `emote_idx` int NOT NULL,
  `emote_color_idx` int NOT NULL,
  `feed_hit` int NOT NULL DEFAULT '0',
  `file_idx` int NOT NULL,
  PRIMARY KEY (`feed_idx`),
  KEY `fk_mainFeed_mainUser_idx` (`user_idx`),
  KEY `fk_mainFeed_feedEmote1_idx` (`emote_idx`),
  KEY `fk_mainFeed_feedEmoteColor1_idx` (`emote_color_idx`),
  CONSTRAINT `fk_mainFeed_feedEmote1` FOREIGN KEY (`emote_idx`) REFERENCES `feedemote` (`emote_idx`),
  CONSTRAINT `fk_mainFeed_feedEmoteColor1` FOREIGN KEY (`emote_color_idx`) REFERENCES `feedemotecolor` (`emote_color_idx`),
  CONSTRAINT `fk_mainFeed_mainUser` FOREIGN KEY (`user_idx`) REFERENCES `mainuser` (`user_idx`)
) ENGINE=InnoDB AUTO_INCREMENT=232 DEFAULT CHARSET=utf8mb4 COLLATE=utf8mb4_0900_ai_ci;
/*!40101 SET character_set_client = @saved_cs_client */;

--
-- Dumping data for table `mainfeed`
--

LOCK TABLES `mainfeed` WRITE;
/*!40000 ALTER TABLE `mainfeed` DISABLE KEYS */;
INSERT INTO `mainfeed` VALUES (7,'2023-02-01','02:00:58',1,'오랜만에 뵙습니다!','#반가움#행복',1,14,3,1,154,110),(8,'2023-02-01','02:01:46',1,'오늘 점심은 무엇인가용','#김치알밥_딱좋아',1,14,3,1,16,110),(9,'2023-02-01','04:01:45',1,'퇴근까지 무려5시간','#김민식',1,11,1,1,69,110),(10,'2023-02-02','04:01:58',1,'나를 살게하고 죽게하고 나를 변하게 하는 김민식,,,,','#김민식',1,12,1,1,54,110),(11,'2023-02-01','04:02:12',1,'돈까스 그만 먹자 김민식','#돈까스',1,18,1,1,13,110),(12,'2023-02-02','07:36:20',1,'김민식,  세글자..그거 어떻게 잊는건데... ','#이별#아련',1,18,1,4,7,110),(13,'2023-02-02','07:41:01',1,'김민식, 내 옆에서만 울어. 다른 데에서 울면.. 내가 눈물 못 닦아주잖아. ','#그리움#이별중',1,18,1,4,29,110),(14,'2023-02-07','22:07:16',1,'따흐흑따흐흑','#서버#죽지마',1,12,3,4,4,110),(15,'2023-02-07','22:10:04',1,'돈까스 먹었더니 속이 니글니글','#돈까스#기름#멈춰',1,12,2,5,35,100),(16,'2023-02-07','22:10:39',1,'테스트 중입니다. 아무도 저를 말리지 마세요.','#테스트#야#우냐?',1,12,2,4,7,110),(17,'2023-02-08','01:19:44',1,'이유경! 강려쿠한 햄토리 글 어디갔지?','#글도둑#공항도둑',1,14,2,2,6,110),(18,'2023-02-08','01:20:45',1,'김은지 ;; 너가 보라돌이냐?????!!!!','#보라색#보라왕자',1,14,2,2,7,110),(19,'2023-02-08','01:21:26',1,'민식아! 소개팅 잘해라','#고독사',1,14,3,3,13,110),(20,'2023-02-08','01:21:55',1,'동찬님 머리에 한번 찔려보고 싶네요','#앗따가',1,14,1,1,65,110),(21,'2023-02-09','04:11:02',1,'테스트 중입니다. 아무도 저를 말리지 마세요.','#테스트#야#우냐?',1,12,2,4,3,110),(22,'2023-02-09','04:18:45',1,'오늘의 점심은~~~~','#가락국수 #국수 #가락구구우우우욱수우우',1,20,4,3,17,330),(23,'2023-02-09','05:28:13',1,'배신동찬.','#배신의#아이콘#신동찬',1,12,2,1,10,110),(24,'2023-02-09','05:33:07',1,'후후 나의 걸작','#걸작 #이쁘다 #좋아',1,14,8,9,10,332),(25,'2023-02-09','06:27:22',1,'배신동찬.','#배신의#아이콘#신동찬',0,12,2,9,26,334),(26,'2023-02-09','06:28:17',1,'유경님. 웃으세요?','#웃지마#정드니까',1,12,3,9,25,333),(27,'2023-02-09','06:28:51',1,'민식님 돈까스 그만 드세요','#살쪄',1,12,3,9,8,333),(30,'2023-02-09','07:08:46',1,'','#하뜨',1,14,3,11,69,332),(44,'2023-02-09','08:26:40',1,'오늘도 마인더 프로젝트!\n\n \n ㅋ','#즐거움',0,8,15,16,130,336),(47,'2023-02-09','08:54:57',1,'고기는 사랑입니다',NULL,1,27,2,3,10,338),(48,'2023-02-09','08:57:08',0,'글 수정 테스트\n#수정페이지#왜이럼','#바꾸냐고왜',1,17,3,3,11,339),(49,'2023-02-09','09:04:40',1,'',NULL,1,27,4,2,3,340),(50,'2023-02-09','09:12:58',1,'저는 좀 귀엽습니다',NULL,1,18,15,4,12,341),(51,'2023-02-09','09:50:04',1,'세상에 너모 신기한걸?',NULL,1,18,8,7,2,342),(52,'2023-02-09','10:29:38',1,'화남',NULL,1,18,11,7,30,343),(53,'2023-02-09','11:04:56',1,'오늘 내 마음..',NULL,0,29,15,1,95,344),(54,'2023-02-09','11:15:22',1,'동찬하이',NULL,0,29,1,9,45,345),(72,'2023-02-10','00:35:41',1,'ㄴ ㅏㄴ.. ㄱ ㅏ ㄲㅡㅁ.. ㄴㅜㄴㅁㅜㄹㅇㅡㄹ ㅎㅡㄹㄹㅣㄴㄷr....\nㅇ ㅣㄹㅓㄴ ㄴㅐㄱr ㅈㅗㅎㄷㅏ.....',NULL,0,27,8,11,22,348),(76,'2023-02-10','00:40:10',1,'내 심장의 색깔은 블루...☆',NULL,0,27,1,8,82,349),(78,'2023-02-10','01:05:39',1,'','#살려줘',1,17,3,3,8,350),(85,'2023-02-10','01:37:52',1,'기타(기타)',NULL,0,27,16,7,23,351),(86,'2023-02-10','02:01:40',1,'나란 녀자,, 귀여워,,,, \n','#다들#반하지말라구',1,18,1,1,79,352),(87,'2023-02-10','02:23:33',1,'안녕하세요 해커입니다','#해킹#MYSQL비번변경하셔야됨',1,18,16,12,114,353),(98,'2023-02-10','04:38:38',1,'','#살려줘#집가고싶다',1,17,7,2,2,354),(99,'2023-02-13','04:40:33',1,'고오오오오래','#고랭#꼬오오오랭',0,20,14,2,360,355),(100,'2023-02-10','04:54:18',1,'나도 그림을 잘 그리고 싶다...',NULL,0,27,16,6,22,356),(101,'2023-02-10','05:22:22',1,'집에 가고 싶어요 집에 가고 싶어요 집에 가고 싶어요 집에 가고 싶어요 집에 가고 싶어요 집에 가고 싶어요 집에 가고 싶어요 집에 가고 싶어요 집에 가고 싶어요 집에 가고 싶어요 집에 가고 싶어요 집에 가고 싶어요 집에 가고 싶어요 집에 가고 싶어요 집에 가고 싶어요 집에 가고 싶어요 집에 가고 싶어요 집에 가고 싶어요 집에 가고 싶어요 집에 가고 싶어요',NULL,0,32,5,1,44,357),(102,'2023-02-10','05:23:10',1,'정지! 정지! 정지!\n','#현대미술',0,27,16,14,26,358),(103,'2023-02-11','05:24:56',1,'ㄴr는 오늘도 눈물을 흘린ㄷr.....',NULL,1,31,8,7,10,359),(104,'2023-02-10','05:25:47',0,'악!\n','#탈모#뭉크',0,27,6,5,24,360),(105,'2023-02-10','05:32:55',1,'카톡 개발 완료 ㅎ\n','#카카오#입사',0,27,3,10,51,361),(106,'2023-02-10','05:53:33',1,'나의 작은 고양이','#태그#사용해봐',1,8,16,3,26,362),(107,'2023-02-10','06:30:14',1,'','#nginx#하기싫어',1,17,3,3,42,363),(108,'2023-02-10','06:52:50',1,'','#집가고싶다s',1,17,2,4,12,364),(109,'2023-02-10','06:53:22',1,'넘모 피곤해서 노래를 부르고 싶어요',NULL,0,33,5,2,23,365),(110,'2023-02-10','07:22:13',1,'여기 진짜 해킹당했어요','#MYSQL#비번변경',0,18,3,11,30,366),(111,'2023-02-10','07:35:46',1,'오늘은 하체간다!!!!!!\n','#벌크업#루피',0,18,7,7,80,367),(112,'2023-02-13','07:58:36',0,'\n이유경, 당신!!!!!!!!!!!!! 쪽','#방가방가#햄토리#고마워',0,18,2,7,308,368),(113,'2023-02-10','13:08:49',1,'T',NULL,1,34,12,7,40,369),(114,'2023-02-11','15:39:35',1,'',NULL,0,20,3,3,210,370),(115,'2023-02-11','17:37:25',1,'행쇼~',NULL,1,27,3,7,62,372),(116,'2023-02-12','12:10:49',1,'엣헴엣헴 다들 조용히 하시라요','#쉿',1,12,3,9,6,333),(117,'2023-02-12','12:11:59',1,'엣헴엣헴 다들 조용히 하시라요','#쉿',1,12,3,9,22,333),(118,'2023-02-13','01:29:38',1,'나는 응애 개발자! 병아리! 무지개\n','#태그#가능해요#사용해줭#고마워',0,14,4,4,102,376),(119,'2023-02-13','02:01:26',0,'으악\n','#글입력창이#안보여요',1,20,16,12,75,377),(120,'2023-02-13','04:29:47',1,'반갑습니다 ~',NULL,1,41,14,4,3,378),(121,'2023-02-13','07:01:43',1,'이게 몰까? 슬슬 프로젝트가 끝나간다.\n','#좋음#프론트#그림#인기',1,14,11,14,42,403),(122,'2023-02-13','07:20:15',1,'ㅊㅌㅋ',NULL,1,27,15,11,2,404),(123,'2023-02-13','07:24:11',1,'',NULL,1,27,15,4,5,405),(124,'2023-02-13','07:48:43',1,'',NULL,1,18,7,3,10,406),(125,'2023-02-13','07:50:35',1,'코딩 하기 싫다',NULL,1,20,4,12,29,407),(126,'2023-02-13','08:13:00',1,'','#삐약',1,20,7,14,10,408),(127,'2023-02-13','09:40:28',1,'아ㅏㅏㅏㅏㅏㅏㅏㅏㅏㅏㅏㅏ신나요!!!! 잘만드셧어요',NULL,1,18,6,10,16,409),(128,'2023-02-13','09:40:29',1,'굿굿!',NULL,1,18,14,8,12,410),(129,'2023-02-13','17:36:07',1,'',NULL,1,27,11,7,31,412),(130,'2023-02-14','00:09:23',1,'나는 오늘도 범인을 찾아 헤맨다.\n','#탐정#범인은#바로#너',0,14,14,13,142,413),(131,'2023-02-14','00:12:28',1,'','#아픔#위염',0,17,10,13,28,415),(132,'2023-02-14','00:32:54',1,'발렌타인데이!\n','#누가#이딴날을#만들었냐',0,18,4,13,473,416),(133,'2023-02-14','00:58:11',1,'곰돌이 그리기 챌린지 1일차\n\n','#마인더#똑같애',0,27,10,13,31,417),(134,'2023-02-14','01:14:51',1,'마인더 최고\n\n','#마인더#댓글남겨#당장',0,20,2,13,43,418),(138,'2023-02-14','05:08:52',1,'나도 모릅니다',NULL,0,32,6,13,25,429),(141,'2023-02-14','08:50:26',1,'머리끝까지 화난 민식',NULL,1,54,1,1,18,444),(142,'2023-02-14','08:51:58',1,'xss 공격 막아지나요?',NULL,1,54,11,10,20,445),(143,'2023-02-15','00:03:01',1,'하잉?\n','#오늘도#힘찬#하루#❤',1,20,2,1,12,446),(144,'2023-02-15','00:29:57',1,'신동찬 그만자 !\n','#앗따가#썬캡머리',0,18,4,2,33,447),(145,'2023-02-15','01:06:30',1,'','#마인더#정상영업중',0,27,4,7,53,448),(146,'2023-02-15','01:08:48',1,'8시 50분에 왔는데 출첵안해서 지각처리됐어요.. ㅠㅠ',NULL,0,31,8,2,107,451),(147,'2023-02-15','01:15:27',1,'엣헴엣헴 다들 조용히 하시라요','#쉿',0,12,3,9,120,333),(148,'2023-02-15','01:36:40',1,'색을 많이 쓰면 있어보임ㅋㅎ\n','#아님말고#예쁘게#그려조요',0,20,3,3,224,452),(149,'2023-02-15','02:28:50',0,'난몰라',NULL,1,20,5,6,1,453),(150,'2023-02-15','03:32:21',1,'오늘 나는 잠을 자다 늦었따.\n꿈에서 마인더 프로젝트를 했다.\n잘만든것같다.\n','#잠#지각#좋았다#쿨쿨',0,14,5,5,85,454),(151,'2023-02-15','03:32:36',1,'꽃꽃?꽃꽃?꽃꽃','#?#꽃',0,20,6,14,29,455),(152,'2023-02-15','03:48:02',1,'엣헴엣헴 다들 조용히 하시라요','#쉿',1,12,3,9,6,333),(153,'2023-02-15','04:18:11',1,'오늘의 나는 베짱이\n','#파업#오늘하루#쉬어갑니다',0,20,9,8,84,456),(154,'2023-02-15','05:15:40',1,'지우개가 이상해요\n','#지우개#이상해',1,31,3,3,81,457),(184,'2023-02-15','07:22:03',1,'그림을 그리는 일은 심신을 편안하게 해주는 군요',NULL,0,33,2,10,58,516),(185,'2023-02-15','08:22:33',0,'','#김민식',1,61,3,2,2,518),(186,'2023-02-15','08:28:46',1,'조원 미안해\n','#사랑한다',1,8,2,9,3,519),(187,'2023-02-15','08:30:21',1,'# 테스트에여',NULL,1,27,16,5,9,520),(188,'2023-02-15','08:34:06',1,'조원 미안\n','#사랑한다',1,8,2,7,5,521),(189,'2023-02-15','08:46:08',0,'복잡해요',NULL,1,64,11,3,0,522),(190,'2023-02-15','10:37:11',0,'',NULL,1,20,5,11,2,523),(191,'2023-02-15','12:57:04',1,'애기 보느라 힘든 하루 ㅠㅠ',NULL,0,59,5,3,45,524),(192,'2023-02-15','12:59:57',1,'그림 그리니까 맘이 편해졌어요\n','#마음#편안',0,59,7,3,50,525),(193,'2023-02-15','14:41:15',1,'카카오 회원가입 잘되네요.가입시 카카오 닉네임. 이후 수정도 가능하다니 멋져요.\n','#카카오#고마워#동아#민아#태그',0,66,6,3,58,526),(194,'2023-02-15','23:23:10',1,'지각할까바 불안한 내 마음,,,\n\n','#843#팀원들아부탁해',0,59,9,3,64,527),(195,'2023-02-16','00:59:18',1,'동,,아니 옆 자리 사람이 나에게 화를 냈다.\n','#슬픔#상처#치료해줘',1,14,11,2,14,528),(196,'2023-02-16','01:08:15',1,'푸시 알림을 안한다고 했다가 혼났다. 마인더는 바보다.','#무서움#눈물#떨림#눈물줄넘기',0,14,13,2,57,529),(199,'2023-02-16','01:19:49',0,'',NULL,1,27,8,7,2,534),(204,'2023-02-16','02:46:52',1,'자바스크립트 캔버스 Undo 기능은 어떻게 만들었나요.\n다들 잘하셔서 주눅들어요;;',NULL,0,33,10,2,21,543),(205,'2023-02-16','02:58:05',1,'민시기는 우울행 ><',NULL,0,61,4,2,17,544),(206,'2023-02-16','03:46:26',1,'',NULL,1,61,16,3,14,545),(207,'2023-02-16','04:14:30',1,'그림그리기 어렵네요',NULL,1,67,15,13,1,546),(208,'2023-02-16','04:24:02',1,'앵그리 오징어\n','#앵오#줄임말#MZ세대',0,18,4,2,45,547),(209,'2023-02-16','05:25:17',1,'우리팀 사람들 1일 2잔 멈춰\n 해로워 메가','#커피는#몸에#커피는#얼죽아',0,59,9,2,24,548),(210,'2023-02-16','05:30:43',1,'ㅇ\n','#ㄷ#ㅅ#ㄴ',1,8,2,9,18,549),(211,'2023-02-16','06:42:20',1,'하루하루 조금씩 더 솟아나는 Dan\'s 더듬이\n오늘 점심시간 엘베에 낑길뻔한 거 난 다 봤지롱\n플젝 마지막까지 화이탱~~~ 너무 잘 만듦!',NULL,0,29,7,2,36,552),(212,'2023-02-16','06:56:50',1,'','#광천김#신동찬#앞머리',1,18,4,2,7,553),(213,'2023-02-16','07:23:50',1,'하이로\n','#ra#jf',1,27,2,16,12,554),(214,'2023-02-16','08:34:31',0,'피곤해서 죽을거 같습니다ㅜ',NULL,0,20,5,2,24,555),(215,'2023-02-16','10:16:48',1,'나는 오늘 사과를 먹었따 마싯섯따\n','#사과가#맛있어서#너무#신나',0,27,14,2,59,556),(216,'2023-02-16','11:17:35',1,'하하하하하',NULL,1,27,16,7,1,558),(217,'2023-02-16','11:34:17',1,'안녕하세요 여러분 반가워요\n','#끝#레알끝',1,8,2,9,80,559),(218,'2023-02-16','11:48:01',1,'?',NULL,1,27,4,9,1,560),(221,'2023-02-16','13:19:00',1,'지하철에서 무서운 사람이 쳐다봤다\n','#뷸안#무서움#검은옷#삐쭉머리',1,8,9,14,38,571),(222,'2023-02-16','13:45:50',1,'',NULL,0,65,6,2,40,573),(223,'2023-02-16','14:58:47',1,'마인더 최고\n','#이쁘다#오늘#기분#최고',1,8,2,2,35,574),(225,'2023-02-16','15:36:48',1,'울지마.. 강한 사람은 울지 않으니까…\n','#슬픔#고난#역경',1,12,12,14,32,576),(226,'2023-02-16','22:45:55',1,'하이파이브\n','#짝짝쿵',1,76,13,7,4,577),(227,'2023-02-16','22:48:00',1,'박민지 이빨 너무 노래',NULL,1,28,11,1,28,578),(228,'2023-02-17','00:24:14',1,'고독의 밤,,,♥(〃´૩`〃)♥\n','#애옹이',0,18,2,10,214,582),(229,'2023-02-17','01:14:24',1,'맑은 하늘과 같은 내 마음!!!!\n','#꽊꽊#거짓말아님!#고마워',0,18,2,10,42,584),(230,'2023-02-17','01:39:22',1,'제가 이자리까지 올 수 있게 도와주신,,,,,\n','#웅변대회우승#마인더#꿈',0,27,2,10,65,585),(231,'2023-02-17','02:29:28',1,'알록달록\n','#고마워',0,18,12,3,3,587);
/*!40000 ALTER TABLE `mainfeed` ENABLE KEYS */;
UNLOCK TABLES;

--
-- Table structure for table `mainuser`
--

DROP TABLE IF EXISTS `mainuser`;
/*!40101 SET @saved_cs_client     = @@character_set_client */;
/*!50503 SET character_set_client = utf8mb4 */;
CREATE TABLE `mainuser` (
  `user_idx` int NOT NULL AUTO_INCREMENT,
  `email` varchar(45) NOT NULL,
  `nickname` varchar(11) NOT NULL,
  `password` varchar(100) NOT NULL,
  `refresh_token` varchar(300) DEFAULT NULL,
  `create_date` datetime NOT NULL,
  `update_date` datetime DEFAULT NULL,
  `is_deleted` tinyint NOT NULL DEFAULT '0',
  `emote_color_idx` int DEFAULT '13',
  `social_id` varchar(50) NOT NULL,
  `file_idx` int NOT NULL DEFAULT '305',
  `find_tag` varchar(100) DEFAULT NULL,
  `push_alarm_agree` tinyint NOT NULL,
  `device_token` varchar(300) DEFAULT NULL,
  PRIMARY KEY (`user_idx`),
  KEY `fk_mainUser_feedEmoteColor1_idx` (`emote_color_idx`)
) ENGINE=InnoDB AUTO_INCREMENT=80 DEFAULT CHARSET=utf8mb4 COLLATE=utf8mb4_0900_ai_ci;
/*!40101 SET character_set_client = @saved_cs_client */;

--
-- Dumping data for table `mainuser`
--

LOCK TABLES `mainuser` WRITE;
/*!40000 ALTER TABLE `mainuser` DISABLE KEYS */;
INSERT INTO `mainuser` VALUES (5,'p','p','473287f8298dba7163a897908958f7c0eae733e25d2e027992ea2edc9bed2fa8','eyJ0eXAiOiJKV1QiLCJyZWdEYXRlIjoxNjc1MTQ2MzQzNDA2LCJhbGciOiJIUzI1NiJ9.eyJleHAiOjE2NzYzNTU5NDMsInN1YiI6InJlZnJlc2gtdG9rZW4iLCJ1c2VyaWR4Ijo1fQ.w1ZikGYXJr5ontvzNWdNLlm_ZBcKoYRkjWwNeTQYsdo','2023-01-19 14:34:30','2023-01-25 10:11:42',0,1,'@mindder',305,'p',0,NULL),(6,'b','b','ca978112ca1bbdcafac231b39a23dc4da786eff8147c4e72b9807785afee48bb','eyJ0eXAiOiJKV1QiLCJyZWdEYXRlIjoxNjc1MTQ4NDk5NTQwLCJhbGciOiJIUzI1NiJ9.eyJleHAiOjE2NzYzNTgwOTksInN1YiI6InJlZnJlc2gtdG9rZW4iLCJ1c2VyaWR4Ijo2fQ.AB9is1OI-zvroq7xHJWCUU660nlHwbAV6QaRp4Z2axA','2023-01-19 14:55:11',NULL,0,1,'@mindder',305,'b',0,NULL),(7,'r','r','454349e422f05297191ead13e21d3db520e5abef52055e4964b82fb213f593a1',NULL,'2023-01-30 06:25:48',NULL,0,1,'@mindder',305,'r',0,NULL),(8,'yi','성냥팔이소녀','03ac674216f3e15c761ee1a5e255f067953623c8b388b4459e13f978d7c846f4','eyJ0eXAiOiJKV1QiLCJyZWdEYXRlIjoxNjc2NjAwOTQzNDgzLCJhbGciOiJIUzI1NiJ9.eyJleHAiOjE2Nzc4MTA1NDMsInN1YiI6InJlZnJlc2gtdG9rZW4iLCJ1c2VyaWR4Ijo4fQ.Y_Dgo1rOaRbvxjlh340QX9S3xzCZWEJJk9IOdqNZaHw','2023-01-30 06:26:27',NULL,0,1,'@mindder',570,'tjdsidvkfdlthsu',1,'fsdaB0SLYienxmbZN3nnZD:APA91bENbxLhfeAWn21lshTywfzTgyPQkGTHOZ2LB3VDF3pUj6Sd3i_iFUwEhB453mMxh5I7rDSslr7ZJQCxAl3qiXrTGJW4cgig4uPuYXSzQf7WCyn_jl102AFpBcnodNFE7BN1uWZS'),(9,'낫띵','sdf','6f25b3f4bc7eadafb8f57d69f8a59db3b23f198151dbf3c66ac3082381518329',NULL,'2023-01-30 07:16:31',NULL,0,1,'@mindder',305,'sdf',0,NULL),(10,'uu','uu','5afab9a620f6f11284505be2fb9a975b4dccfdd30970dffc7ed875490160e4d0','eyJ0eXAiOiJKV1QiLCJyZWdEYXRlIjoxNjc1MDYzNDA2OTMwLCJhbGciOiJIUzI1NiJ9.eyJleHAiOjE2NzYyNzMwMDYsInN1YiI6InJlZnJlc2gtdG9rZW4iLCJ1c2VyaWR4IjoxMH0.nTtnbFMLFYZHw1KN3vfRnkxkZkFwwePVmcybE6DF6mY','2023-01-30 07:23:24',NULL,0,1,'@mindder',305,'uu',0,NULL),(11,'string','string','473287f8298dba7163a897908958f7c0eae733e25d2e027992ea2edc9bed2fa8','eyJ0eXAiOiJKV1QiLCJyZWdEYXRlIjoxNjc1MjE2NzUyOTM1LCJhbGciOiJIUzI1NiJ9.eyJleHAiOjE2NzY0MjYzNTIsInN1YiI6InJlZnJlc2gtdG9rZW4iLCJ1c2VyaWR4IjoxMX0._klXXaQC49cqF7RFOzllETB0Ok-8aUw_wDedccwX2Z4','2023-01-31 08:23:27','2023-02-01 02:06:24',0,1,'@mindder',305,'string',0,NULL),(12,'eunjikim8784@naver.com','믕지','03ac674216f3e15c761ee1a5e255f067953623c8b388b4459e13f978d7c846f4',NULL,'2023-01-31 08:36:30','2023-02-02 07:12:32',0,7,'@mindder',561,'amdwl',1,NULL),(13,'1','11','4fc82b26aecb47d2868c4efbe3581732a3e7cbcc6c2efb32062c08170a05eeb8',NULL,'2023-01-31 08:39:19',NULL,0,1,'@mindder',305,'11',0,NULL),(14,'yiyou00@naver.com','다람쥐다','03ac674216f3e15c761ee1a5e255f067953623c8b388b4459e13f978d7c846f4','eyJ0eXAiOiJKV1QiLCJyZWdEYXRlIjoxNjc2NjAwOTgwMjIxLCJhbGciOiJIUzI1NiJ9.eyJleHAiOjE2Nzc4MTA1ODAsInN1YiI6InJlZnJlc2gtdG9rZW4iLCJ1c2VyaWR4IjoxNH0.YuNjvBu9ULVvzlVDM6ycSzKGQkPQ8TdU3aUADNAuyY8','2023-01-31 23:26:58','2023-02-01 05:37:53',0,9,'@mindder',572,'ekfkawnlek',1,'dMU52342BbLVYe3xFSggWy:APA91bEf9Uxwb85_5-pmMY_RX10gBp8B2yHJfwqrY4ty485FOsIxDZ0EPYy5DcBq5oKq7l7-ebO6LOec62FScD_GN_GHYHqawIpUiFWhhiZy9LIkJcdERWsZ2GrWUz8w7Fr9ss1aNjP2'),(15,'leeyou032@naver.com','이유경2','03ac674216f3e15c761ee1a5e255f067953623c8b388b4459e13f978d7c846f4',NULL,'2023-02-01 04:39:31',NULL,0,1,'@mindder',305,'dldbrud2',0,NULL),(16,'t','t','e3b98a4da31a127d4bde6e43033f66ba274cab0eb7eb1c70ec41402bf6273dd8',NULL,'2023-02-01 04:46:16',NULL,0,1,'@mindder',305,'t',0,NULL),(17,'abin7989@gmail.com','민','03ac674216f3e15c761ee1a5e255f067953623c8b388b4459e13f978d7c846f4',NULL,'2023-02-02 05:45:22','2023-02-02 05:45:22',0,2,'@mindder',583,'als',1,NULL),(18,'test','박민식','a665a45920422f9d417e4867efdc4fb8a04a1f3fff1fa07e998e86f7f7a27ae3',NULL,'2023-02-01 07:07:25',NULL,0,4,'minji',586,'qkralstlr',1,NULL),(19,'string','string','473287f8298dba7163a897908958f7c0eae733e25d2e027992ea2edc9bed2fa8',NULL,'2023-02-01 07:08:03',NULL,0,1,'@',305,'string',0,NULL),(20,'syhj0326@naver.com','양말','03ac674216f3e15c761ee1a5e255f067953623c8b388b4459e13f978d7c846f4',NULL,'2023-02-01 07:20:05',NULL,0,9,'@mindder',557,'didakf',1,NULL),(27,'windcj1@naver.com','명탐정이유경','03ac674216f3e15c761ee1a5e255f067953623c8b388b4459e13f978d7c846f4','eyJ0eXAiOiJKV1QiLCJyZWdEYXRlIjoxNjc2NTk4MzIzMDAzLCJhbGciOiJIUzI1NiJ9.eyJleHAiOjE2Nzc4MDc5MjMsInN1YiI6InJlZnJlc2gtdG9rZW4iLCJ1c2VyaWR4IjoyN30.eNUftm4Udm6RLg9oeNx0zPDyEdwBwaVcAN-1GFVE-z0','2023-02-09 08:52:40',NULL,0,8,'@mindder',567,'audxkawjddldbrud',1,'cuDW_XjB2cIm2ToNuKPMYE:APA91bHJ7xeC2hsHF6Uhxqz0CVZMlIymOeAylWpLhaqyCu6UfuQQwr7HKjhFk4_i1Znj9uObwwn7Tr7MjJ3a4wP1gggjAwLiF0eEB11BZ9vaOZv0JSBVusx9YHQhvfgfuHbFfjqF2WOe'),(28,'pjy9758@naver.com','Noolung','03ac674216f3e15c761ee1a5e255f067953623c8b388b4459e13f978d7c846f4','eyJ0eXAiOiJKV1QiLCJyZWdEYXRlIjoxNjc2NTg3NDQ1NDc0LCJhbGciOiJIUzI1NiJ9.eyJleHAiOjE2Nzc3OTcwNDUsInN1YiI6InJlZnJlc2gtdG9rZW4iLCJ1c2VyaWR4IjoyOH0.JTYGkQppl9nXNHG4DdhVnt7JR3OGY3iQjpxVJmDafwM','2023-02-09 09:16:25',NULL,0,1,'@mindder',305,'Noolung',0,NULL),(29,'haandeng@naver.com','조라니','559d948a4e777a0f8c5581665a0760e898e059a2ee6ef06fa25ff8d0c4e8148c','eyJ0eXAiOiJKV1QiLCJyZWdEYXRlIjoxNjc2NTI4MDk1MTEyLCJhbGciOiJIUzI1NiJ9.eyJleHAiOjE2Nzc3Mzc2OTUsInN1YiI6InJlZnJlc2gtdG9rZW4iLCJ1c2VyaWR4IjoyOX0.3j5QGBYNxvQ4RJ4yENlKj-KhubIoMcEy0J3V4HwIa7E','2023-02-09 11:02:49',NULL,0,1,'@mindder',305,'whfksl',0,NULL),(30,'swqq21@naver.com','동찬바라기','559d948a4e777a0f8c5581665a0760e898e059a2ee6ef06fa25ff8d0c4e8148c','eyJ0eXAiOiJKV1QiLCJyZWdEYXRlIjoxNjc2MDI5MDA0NTk4LCJhbGciOiJIUzI1NiJ9.eyJleHAiOjE2NzcyMzg2MDQsInN1YiI6InJlZnJlc2gtdG9rZW4iLCJ1c2VyaWR4IjozMH0.xrLzSgnTpepvCwrEHmT0NDTNu-hBOnI4fF_6jFaiuWI','2023-02-09 11:07:25',NULL,0,1,'@mindder',305,'ehdcksqkfkrl',1,NULL),(31,'jleejlee6@gmail.com','wonseok22','312433c28349f63c4f387953ff337046e794bea0f9b9ebfcb08e90046ded9c76','eyJ0eXAiOiJKV1QiLCJyZWdEYXRlIjoxNjc2NTk3NTEwOTIzLCJhbGciOiJIUzI1NiJ9.eyJleHAiOjE2Nzc4MDcxMTAsInN1YiI6InJlZnJlc2gtdG9rZW4iLCJ1c2VyaWR4IjozMX0.ZboCLEyw0Wu-fU-AOPK7soAtmNn8-WHeL9MUP0amNSs','2023-02-13 02:13:08','2023-02-13 02:13:08',0,3,'@mindder',305,'wonseok2',1,'cGDnISz2Xg5NTzKDdV8YC7:APA91bF_frh4lKvzGdNbuGHJTrsFGPx2jN037ReVDnH4HtLaet2deLM0-P0aVShGHtyFWHPdoG6dIJ6l8bq_K5PMuMIORXc_dUKeqGFPhgEYF8R4Z7tWMhAjta7EAKbp2IDC7sCJ1zfs'),(32,'noprob1325@naver.com','red','03ac674216f3e15c761ee1a5e255f067953623c8b388b4459e13f978d7c846f4','eyJ0eXAiOiJKV1QiLCJyZWdEYXRlIjoxNjc2NDM4MzY4MDI3LCJhbGciOiJIUzI1NiJ9.eyJleHAiOjE2Nzc2NDc5NjgsInN1YiI6InJlZnJlc2gtdG9rZW4iLCJ1c2VyaWR4IjozMn0.opXGqqke7d7-cRp169gLEdHUQx4_Ad8cXqgySUGc-z4','2023-02-10 05:18:19',NULL,0,1,'@mindder',305,'red',0,NULL),(33,'cfdw011@gmail.com','영차영차앵차','559d948a4e777a0f8c5581665a0760e898e059a2ee6ef06fa25ff8d0c4e8148c','eyJ0eXAiOiJKV1QiLCJyZWdEYXRlIjoxNjc2NDQ1NTIwMzMyLCJhbGciOiJIUzI1NiJ9.eyJleHAiOjE2Nzc2NTUxMjAsInN1YiI6InJlZnJlc2gtdG9rZW4iLCJ1c2VyaWR4IjozM30.B8AlnFoR34mlJp8hMnW5HfyMo7XmjGIKuAQy8y3mG58','2023-02-10 06:51:32',NULL,0,1,'@mindder',305,'dudckdudckdodck',0,NULL),(34,'kenny9841@naver.com','먹태','6b86b273ff34fce19d6b804eff5a3f5747ada4eaa22f1d49c01e52ddb7875b4b','eyJ0eXAiOiJKV1QiLCJyZWdEYXRlIjoxNjc2MDM0NDk2MjMxLCJhbGciOiJIUzI1NiJ9.eyJleHAiOjE2NzcyNDQwOTYsInN1YiI6InJlZnJlc2gtdG9rZW4iLCJ1c2VyaWR4IjozNH0.GlJZYJ4ucYBeyHKkPoL6e_bRudQV--TEJmXlnaG5nCE','2023-02-10 13:08:02',NULL,0,1,'@mindder',305,'ajrxo',0,NULL),(40,'temp','테스트4','0ffe1abd1a08215353c233d6e009613e95eec4253832a761af28ff37ac5a150c','eyJ0eXAiOiJKV1QiLCJyZWdEYXRlIjoxNjc2NTEzNDM0MTMzLCJhbGciOiJIUzI1NiJ9.eyJleHAiOjE2Nzc3MjMwMzQsInN1YiI6InJlZnJlc2gtdG9rZW4iLCJ1c2VyaWR4Ijo0MH0.w8agxwAmIQgpLUaLFwkogiRdy_h8Q3PfH0FWxDEKuh0','2023-02-16 02:10:35','2023-02-16 02:10:37',1,5,'@mindder',541,'xptmxm4',0,NULL),(41,'rlawnsgh8395@naver.com','april2nd','9f86d081884c7d659a2feaa0c55ad015a3bf4f1b2b0b822cd15d6c15b0f00a08','eyJ0eXAiOiJKV1QiLCJyZWdEYXRlIjoxNjc2MjYyNTAwODg1LCJhbGciOiJIUzI1NiJ9.eyJleHAiOjE2Nzc0NzIxMDAsInN1YiI6InJlZnJlc2gtdG9rZW4iLCJ1c2VyaWR4Ijo0MX0.GoXly9UwKBdBeFpDZww4VV5PPhFlUdFzxyheZVXqiYw','2023-02-13 04:28:16','2023-02-13 04:36:37',1,13,'@mindder',305,'april2nd',0,NULL),(53,'카카오유저','희진','ac64c5ef8ec590f56a4c4f2fac853374f6a25eed294a8eee0895fa6cf399ab2a',NULL,'2023-02-14 08:41:14',NULL,0,9,'2.665874287E9@Kakao',305,'gmlwls',0,NULL),(54,'isungun@naver.com','김민식의퍼스널컬러','18138372fad4b94533cd4881f03dc6c69296dd897234e0cee83f727e2e6b1f63','eyJ0eXAiOiJKV1QiLCJyZWdEYXRlIjoxNjc2MzY0NDk5OTY1LCJhbGciOiJIUzI1NiJ9.eyJleHAiOjE2Nzc1NzQwOTksInN1YiI6InJlZnJlc2gtdG9rZW4iLCJ1c2VyaWR4Ijo1NH0.4pOoj8nhV8nlzAEEn0gY-T0KXLZUfxj0rD3kNx2KQww','2023-02-14 08:48:13',NULL,0,9,'@mindder',305,'rlaalstlrdmlvjtmsjfzjffj',0,NULL),(58,'카카오유저','김은지','5cb32d2d910cb740a28d7f41bdf72e770d11034535128bebcf4eb787460ef4fd',NULL,'2023-02-15 02:19:25',NULL,0,9,'2.666819235E9@Kakao',569,'rladmswl',1,NULL),(59,'카카오유저','그랜두두두11111','3217e99d538b520656e5f155c2337d9425ce7c6ec00a4acb87d74ae4d8f108e6',NULL,'2023-02-15 06:20:18','2023-02-15 07:09:22',0,9,'2.665789298E9@Kakao',305,'rmfosenenen11111',0,NULL),(61,'카카오유저','민식킴','90e9ecc5434f46f33809ab102880345cd7e175ee9a3c7a1705c1e8b2d2bca9e1',NULL,'2023-02-15 08:24:12','2023-02-15 08:24:12',0,9,'2.630284086E9@Kakao',305,'alstlrzla',0,NULL),(62,'카카오유저','수련','048ac2cd6df7689470c3c427456635aaeab507fcc9b5c979eeb4936b0e77bde9',NULL,'2023-02-15 08:18:53',NULL,0,9,'2.66732006E9@Kakao',305,'tnfus',0,NULL),(63,'카카오유저','성준킴','eddba793ded18aeb633e2a874b3f76cae7c02eaa550be16654880f2b7d95d843',NULL,'2023-02-15 08:20:59',NULL,0,9,'2.667245582E9@Kakao',305,'tjdwnszla',0,NULL),(64,'카카오유저','김준호','2d40f956b8fe46e60f0f353745b5ac51c2fbf718d7db867de5b4aec147ca713c',NULL,'2023-02-16 15:26:57','2023-02-16 15:26:57',0,9,'2.667245646E9@Kakao',305,'rlawnsgh',0,NULL),(65,'카카오유저','아온','bdc9ac2bb4cb4dd62a1ed4004335d3d5eb85b4eb5cb8ea01ab761b4741f8dc0d',NULL,'2023-02-15 13:46:59',NULL,0,9,'2.667775196E9@Kakao',305,'dkdhs',1,NULL),(66,'카카오유저','KaKao유저','f7d108e9021145a6c9f3c79a8f661696c677b4bb6710de7c45876882e888b069',NULL,'2023-02-15 14:36:55',NULL,0,9,'2.66730623E9@Kakao',305,'KaKaodbwj',0,NULL),(67,'카카오유저','곽민주','d4595ccfffe3da1a246f8588f82539136fe320010d35eb54b6f2e5f177d8486f',NULL,'2023-02-16 04:13:16','2023-02-16 04:16:54',1,9,'2.668419085E9@Kakao',305,'rhkralswn',0,NULL),(68,'카카오유저','박정호','b530c3b36752b27324949cf67a51744e25fb86c785aac87156ef247b1b745c04',NULL,'2023-02-16 04:21:40',NULL,0,9,'2.668430749E9@Kakao',305,'qkrwjdgh',0,NULL),(69,'eee','hey~','03ac674216f3e15c761ee1a5e255f067953623c8b388b4459e13f978d7c846f4',NULL,'2023-02-16 04:49:00',NULL,0,8,'@mindder',305,'hey~',1,NULL),(72,'네이버유저','syhj****','103cef75b7d0abb9766d739efffb2d54158bc79fe084182abd3da31d0a5e7f0d',NULL,'2023-02-16 06:34:32',NULL,0,9,'OWxrhJ0AxeM6Me4jVfiYco0yEPsA1IR0MjFEegZcpiM@Naver',305,'syhj****',1,NULL),(73,'네이버유저','김민식','40356922612fe4eb4dd3bb7c456daefbfa24c9007ac80f9f18ec260b64fe52fa',NULL,'2023-02-16 06:37:38',NULL,0,9,'05peOcSuWvKbo5CUoKMl52pACmxffdTDLAtIAiIMW-M@Naver',305,'rlaalstlr',1,NULL),(74,'네이버유저','유','f0dd46121c07edde30901ba90b8b6a6d915402a06ce5ad52c463a442a0e87284',NULL,'2023-02-16 06:40:48',NULL,0,9,'zebWRiJSs-bWNzH8YZr_Zjmq49vjNpoNClL339Kf5XU@Naver',305,'db',1,NULL),(75,'','yiyou0','a665a45920422f9d417e4867efdc4fb8a04a1f3fff1fa07e998e86f7f7a27ae3',NULL,'2023-02-16 07:49:55',NULL,0,14,'@mindder',305,'yiyou0',1,NULL),(76,'카카오유저','박민지','1301af49f92305dc937e2872418a18589bb0e3767dc6ad9826902c42293414eb',NULL,'2023-02-16 12:57:38',NULL,0,7,'2.669139935E9@Kakao',305,'qkralswl',1,NULL),(77,'카카오유저','고명진','dafb025b5f3912de4e0a0d21508a5c6f4a3e18a540ba62b94463d29bdac50173',NULL,'2023-02-16 16:24:25','2023-02-16 16:26:53',1,7,'2.669364226E9@Kakao',305,'rhaudwls',1,NULL),(78,'네이버유저','네아로별명6','df4dad16295dfa89dbee81314bb2871ffffe183aacf120974016ea92dda499ed',NULL,'2023-02-16 23:51:53','2023-02-16 23:52:42',1,1,'fUVO42NgaHADYH5MBOv4PO83YuqVGkgWBnbNIsgg68I@Naver',305,'spdkfhqufaud6',1,NULL),(79,'카카오유저','김진호','6203371091613f7b05be52117b0682d0919c767875d0f058dd44e7c27dd1b080',NULL,'2023-02-17 02:08:33',NULL,0,7,'2.669682E9@Kakao',305,'rlawlsgh',1,NULL);
/*!40000 ALTER TABLE `mainuser` ENABLE KEYS */;
UNLOCK TABLES;

--
-- Table structure for table `normalhash`
--

DROP TABLE IF EXISTS `normalhash`;
/*!40101 SET @saved_cs_client     = @@character_set_client */;
/*!50503 SET character_set_client = utf8mb4 */;
CREATE TABLE `normalhash` (
  `hash_idx` int NOT NULL AUTO_INCREMENT,
  `feed_idx` int NOT NULL,
  `hash` varchar(100) COLLATE utf8_bin NOT NULL,
  `find_tag` varchar(100) COLLATE utf8_bin DEFAULT NULL,
  PRIMARY KEY (`hash_idx`)
) ENGINE=InnoDB AUTO_INCREMENT=473 DEFAULT CHARSET=utf8mb3 COLLATE=utf8_bin;
/*!40101 SET character_set_client = @saved_cs_client */;

--
-- Dumping data for table `normalhash`
--

LOCK TABLES `normalhash` WRITE;
/*!40000 ALTER TABLE `normalhash` DISABLE KEYS */;
INSERT INTO `normalhash` VALUES (4,9,'#김민식','#rlaalstlr'),(35,25,'#배신의','#qotlsdml'),(36,25,'#아이콘','#dkdlzhs'),(37,25,'#신동찬','#tlsehdcks'),(95,99,'#고랭','#rhfod'),(96,99,'#꼬오오오랭','#Rhdhdhdhfod'),(104,102,'#현대미술','#guseoaltnf'),(105,44,'#즐거움','#wmfrjdna'),(108,105,'#카카오','#zkzkdh'),(109,105,'#입사','#dlqtk'),(112,107,'#nginx','#nginx'),(113,107,'#하기싫어','#gkrltlfgdj'),(115,110,'#토끼','#xhRl'),(116,110,'#두마리','#enakfl'),(117,111,'#벌크업','#qjfzmdjq'),(118,111,'#루피','#fnvl'),(133,130,'#탐정','#xkawjd'),(134,130,'#범인은','#qjadlsdms'),(135,130,'#바로','#qkfh'),(136,130,'#너','#sj'),(137,131,'#아픔','#dkvma'),(138,131,'#위염','#dnldua'),(142,133,'#마인더','#akdlsej'),(143,133,'#똑같애','#Ehrrkxdo'),(147,104,'#탈모','#xkfah'),(148,104,'#뭉크','#andzm'),(149,135,'#테스트','#xptmxm'),(152,136,'#테스트','#xptmxm'),(155,137,'#테스트','#xptmxm'),(168,144,'#앗따가','#dktEkrk'),(169,144,'#썬캡머리','#Tjszoqajfl'),(170,145,'#마인더','#akdlsej'),(171,145,'#정상영업중','#wjdtkdduddjqwnd'),(172,147,'#쉿','#tnlt'),(173,148,'#아님말고','#dkslaakfrh'),(174,148,'#예쁘게','#dPQmrp'),(175,148,'#그려조요','#rmfuwhdy'),(180,150,'#잠','#wka'),(181,150,'#지각','#wlrkr'),(182,150,'#좋았다','#whgdkTek'),(183,150,'#쿨쿨','#znfznf'),(185,153,'#파업','#vkdjq'),(186,153,'#오늘하루','#dhsmfgkfn'),(187,153,'#쉬어갑니다','#tnldjrkqslek'),(188,154,'#지우개','#wldnro'),(189,154,'#이상해','#dltkdgo'),(208,161,'#테스트','#xptmxm'),(209,162,'#테스트','#xptmxm'),(212,163,'#테스트','#xptmxm'),(215,164,'#테스트','#xptmxm'),(218,165,'#테스트','#xptmxm'),(221,166,'#테스트','#xptmxm'),(224,167,'#테스트','#xptmxm'),(227,168,'#테스트','#xptmxm'),(275,185,'#김민식','#rlaalstlr'),(278,192,'#마음','#akdma'),(279,192,'#편안','#vusdks'),(280,193,'#카카오','#zkzkdh'),(281,193,'#고마워','#rhakdnj'),(282,193,'#동아','#ehddk'),(283,193,'#민아','#alsdk'),(284,193,'#태그','#xorm'),(285,194,'#843','#843'),(286,194,'#팀원들아부탁해','#xladnjsemfdkqnxkrgo'),(290,196,'#무서움','#antjdna'),(291,196,'#눈물','#snsanf'),(292,196,'#떨림','#Ejffla'),(293,196,'#눈물줄넘기','#snsanfwnfsjarl'),(298,0,'#테스트','#xptmxm'),(299,0,'#변경','#qusrud'),(300,208,'#앵오','#doddh'),(301,208,'#줄임말','#wnfdlaakf'),(302,208,'#MZ세대','#MZtpeo'),(303,209,'#커피는','#zjvlsms'),(304,209,'#몸에','#ahadp'),(305,209,'#커피는','#zjvlsms'),(306,209,'#얼죽아','#djfwnrdk'),(315,215,'#사과가','#tkrhkrk'),(316,215,'#맛있어서','#aktdlTdjtj'),(317,215,'#너무','#sjan'),(318,215,'#신나','#tlssk'),(322,217,'#끝','#Rmx'),(323,217,'#레알끝','#fpdkfRmx'),(330,223,'#이쁘다','#dlQmek'),(331,223,'#오늘','#dhsmf'),(332,223,'#기분','#rlqns'),(333,223,'#최고','#chlrh'),(340,225,'#슬픔','#tmfvma'),(341,225,'#고난','#rhsks'),(342,225,'#역경','#durrud'),(349,228,'#애옹이','#dodhddl'),(350,134,'#마인더','#akdlsej'),(351,134,'#댓글남겨','#eotrmfskaru'),(352,134,'#당장','#ekdwkd'),(378,118,'#태그','#xorm'),(379,118,'#가능해요','#rksmdgody'),(380,118,'#사용해줭','#tkdydgownjd'),(381,118,'#고마워','#rhakdnj'),(388,229,'#꽊꽊','#RhkRRhkR'),(389,229,'#거짓말아님!','#rjwltakfdksla!'),(390,229,'#고마워','#rhakdnj'),(391,132,'#누가','#snrk'),(392,132,'#이딴날을','#dlEksskfdmf'),(393,132,'#만들었냐','#aksemfdjTsi'),(394,112,'#방가방가','#qkdrkqkdrk'),(395,112,'#햄토리','#goaxhfl'),(396,112,'#고마워','#rhakdnj'),(469,230,'#웅변대회우승','#dndquseoghldntmd'),(470,230,'#마인더','#akdlsej'),(471,230,'#꿈','#Rna'),(472,231,'#고마워','#rhakdnj');
/*!40000 ALTER TABLE `normalhash` ENABLE KEYS */;
UNLOCK TABLES;

--
-- Table structure for table `userfollow`
--

DROP TABLE IF EXISTS `userfollow`;
/*!40101 SET @saved_cs_client     = @@character_set_client */;
/*!50503 SET character_set_client = utf8mb4 */;
CREATE TABLE `userfollow` (
  `follow_idx` int NOT NULL AUTO_INCREMENT,
  `target_user_idx` int NOT NULL,
  `user_idx` int NOT NULL,
  PRIMARY KEY (`follow_idx`),
  KEY `fk_userFollower_mainUser1_idx` (`user_idx`),
  CONSTRAINT `fk_userFollower_mainUser1` FOREIGN KEY (`user_idx`) REFERENCES `mainuser` (`user_idx`)
) ENGINE=InnoDB AUTO_INCREMENT=487 DEFAULT CHARSET=utf8mb4 COLLATE=utf8mb4_0900_ai_ci;
/*!40101 SET character_set_client = @saved_cs_client */;

--
-- Dumping data for table `userfollow`
--

LOCK TABLES `userfollow` WRITE;
/*!40000 ALTER TABLE `userfollow` DISABLE KEYS */;
INSERT INTO `userfollow` VALUES (50,18,20),(125,20,18),(133,17,20),(193,27,18),(349,30,27),(364,14,27),(367,14,31),(375,12,18),(376,17,12),(381,12,17),(385,20,17),(387,8,31),(388,20,31),(389,18,31),(390,17,31),(398,18,33),(399,8,33),(400,33,31),(405,31,12),(406,18,12),(407,31,14),(410,20,33),(411,17,33),(414,31,33),(416,12,33),(417,14,33),(419,33,12),(432,18,27),(439,12,27),(441,27,12),(442,12,14),(448,31,8),(449,20,8),(452,8,20),(455,27,8),(456,8,27),(457,20,27),(458,27,20),(460,33,8),(462,12,20),(465,20,14),(468,14,8),(469,20,12),(470,18,8),(472,20,61),(475,18,61),(478,8,61),(479,14,18),(480,14,12),(483,12,31),(486,14,20);
/*!40000 ALTER TABLE `userfollow` ENABLE KEYS */;
UNLOCK TABLES;
/*!40103 SET TIME_ZONE=@OLD_TIME_ZONE */;

/*!40101 SET SQL_MODE=@OLD_SQL_MODE */;
/*!40014 SET FOREIGN_KEY_CHECKS=@OLD_FOREIGN_KEY_CHECKS */;
/*!40014 SET UNIQUE_CHECKS=@OLD_UNIQUE_CHECKS */;
/*!40101 SET CHARACTER_SET_CLIENT=@OLD_CHARACTER_SET_CLIENT */;
/*!40101 SET CHARACTER_SET_RESULTS=@OLD_CHARACTER_SET_RESULTS */;
/*!40101 SET COLLATION_CONNECTION=@OLD_COLLATION_CONNECTION */;
/*!40111 SET SQL_NOTES=@OLD_SQL_NOTES */;

-- Dump completed on 2023-02-17 11:31:08
